-- phpMyAdmin SQL Dump
-- version 5.2.1deb1+jammy2
-- https://www.phpmyadmin.net/
--
-- Host: localhost:3306
-- Generation Time: Sep 16, 2023 at 12:58 PM
-- Server version: 8.0.33-0ubuntu0.22.04.2
-- PHP Version: 8.2.7

SET SQL_MODE = "NO_AUTO_VALUE_ON_ZERO";
START TRANSACTION;
SET time_zone = "+00:00";


/*!40101 SET @OLD_CHARACTER_SET_CLIENT=@@CHARACTER_SET_CLIENT */;
/*!40101 SET @OLD_CHARACTER_SET_RESULTS=@@CHARACTER_SET_RESULTS */;
/*!40101 SET @OLD_COLLATION_CONNECTION=@@COLLATION_CONNECTION */;
/*!40101 SET NAMES utf8mb4 */;

--
-- Database: `report_bina-tadbir`
--

-- --------------------------------------------------------

--
-- Table structure for table `agents`
--

CREATE TABLE `agents` (
  `id` bigint UNSIGNED NOT NULL,
  `name` text COLLATE utf16_persian_ci NOT NULL,
  `phone` text COLLATE utf16_persian_ci NOT NULL,
  `email` text COLLATE utf16_persian_ci,
  `created_at` timestamp NOT NULL DEFAULT CURRENT_TIMESTAMP,
  `updated_at` timestamp NOT NULL DEFAULT CURRENT_TIMESTAMP,
  `companyId` bigint NOT NULL
) ENGINE=InnoDB DEFAULT CHARSET=utf16 COLLATE=utf16_persian_ci;

--
-- Dumping data for table `agents`
--

INSERT INTO `agents` (`id`, `name`, `phone`, `email`, `created_at`, `updated_at`, `companyId`) VALUES
(1, 'احمد آقایی', '0912445544', 'ahmad@gmail.com', '2023-08-03 13:06:21', '2023-08-03 13:06:21', 14),
(2, 'رضا رحیمی', '0912445544', 'ahmad@gmail.com', '2023-08-03 13:06:21', '2023-08-03 13:06:21', 14),
(3, 'محمد خطیبی', '0912445544', 'ahmad@gmail.com', '2023-08-03 13:06:21', '2023-08-03 13:06:21', 13);

-- --------------------------------------------------------

--
-- Table structure for table `clientsheets`
--

CREATE TABLE `clientsheets` (
  `id` bigint UNSIGNED NOT NULL,
  `clientName` text CHARACTER SET utf8mb4 COLLATE utf8mb4_unicode_ci NOT NULL,
  `created_at` timestamp NULL DEFAULT NULL,
  `updated_at` timestamp NULL DEFAULT NULL
) ENGINE=InnoDB DEFAULT CHARSET=utf8mb4 COLLATE=utf8mb4_unicode_ci;

--
-- Dumping data for table `clientsheets`
--

INSERT INTO `clientsheets` (`id`, `clientName`, `created_at`, `updated_at`) VALUES
(1, 'نت افراز', '2021-10-19 15:24:26', NULL),
(2, 'ایران خودرو', '2021-10-19 15:24:26', NULL),
(3, 'ایران رادیاتور', '2021-10-19 15:25:15', NULL),
(4, 'ایران گستر شرق', '2021-10-19 15:25:15', NULL),
(5, 'مدیران خودرو', '2021-12-22 09:44:23', '2021-12-22 09:44:23'),
(6, 'کاله', '2022-04-28 06:55:46', '2022-04-28 06:55:46'),
(7, 'آسیاتک', '2022-05-01 10:14:06', '2022-05-01 10:14:06'),
(8, 'سامان طایر ایرانیان', '2022-05-08 10:42:01', '2022-05-08 10:42:01'),
(9, 'لوله سازی اهواز', '2022-05-08 10:42:09', '2022-05-08 10:42:09'),
(10, 'فراطب آئین', '2022-05-08 10:42:15', '2022-05-08 10:42:15'),
(11, 'بانی رایان پرداز نو', '2022-05-08 10:42:20', '2022-05-08 10:42:20'),
(12, 'شهرداری زاهدان', '2022-05-08 10:42:26', '2022-05-08 10:42:26'),
(13, 'توسعه فولاد آذر آذین', '2022-05-08 10:42:31', '2022-05-08 10:42:31'),
(14, 'آسیا کنترل پی', '2022-05-08 10:42:41', '2022-05-08 10:42:41'),
(15, 'متکا ای جی ان لیمیتد', '2022-05-08 10:42:48', '2022-05-08 10:42:48'),
(16, 'واگن های مسافر ره نورد', '2022-05-08 10:42:57', '2022-05-08 10:42:57'),
(17, 'محافظین نور سماء', '2022-05-08 10:43:03', '2022-05-08 10:43:03'),
(18, 'افزار پرداز پرسیس', '2022-05-08 10:43:11', '2022-05-08 10:43:11'),
(19, 'آرمه گیتی آسیا', '2022-05-08 10:43:18', '2022-05-08 10:43:18'),
(20, 'نیک نامان سرمایه', '2022-05-08 10:43:24', '2022-05-08 10:43:24'),
(21, 'مایکروتل', '2022-05-08 10:43:30', '2022-05-08 10:43:30'),
(22, 'صبا زیر ساخت پهنه ایرانیان', '2022-05-08 10:43:36', '2022-05-08 10:43:36'),
(23, 'سینا پارس آریا', '2022-05-08 10:43:43', '2022-05-08 10:43:43'),
(24, 'کیهان ماشین آداک', '2022-05-08 10:43:49', '2022-05-08 10:43:49'),
(25, 'سیال سازه روشن', '2022-05-08 10:43:55', '2022-05-08 10:43:55'),
(26, 'الوند تجارت تیام', '2022-05-08 10:44:01', '2022-05-08 10:44:01'),
(27, 'صرافی الهی', '2022-05-08 10:44:07', '2022-05-08 10:44:07'),
(28, 'فن آوری تجارت لاجورد تکوین توانا', '2022-05-08 10:44:16', '2022-05-08 10:44:16'),
(29, 'توسعه صنایع نیمه رسانا', '2022-05-08 10:44:20', '2022-05-08 10:44:20'),
(30, 'آسیا2000', '2022-05-08 10:44:26', '2022-05-08 10:44:26'),
(31, 'دامپروری و کشاورزی افراشیرباختر', '2022-05-08 10:44:31', '2022-05-08 10:44:31'),
(32, 'کوتکنا', '2022-05-08 10:44:37', '2022-05-08 10:44:37'),
(33, 'کوماتسو لیمیتد', '2022-05-08 10:44:43', '2022-05-08 10:44:43'),
(34, 'مس مسکنی', '2022-05-08 10:44:51', '2022-05-08 10:44:51'),
(35, 'آریا لجستیک اینترنشتال پارس', '2022-05-08 10:44:58', '2022-05-08 10:44:58'),
(36, 'راشین رودافشان', '2022-05-08 10:45:04', '2022-05-08 10:45:04'),
(37, 'توسعه پخش سایه سبز', '2022-05-08 10:45:10', '2022-05-08 10:45:10'),
(38, 'آهن تنگ زاغ', '2022-05-08 10:45:15', '2022-05-08 10:45:15'),
(39, 'مس بهاباد پارس', '2022-05-08 10:45:21', '2022-05-08 10:45:21'),
(40, 'حمل و نقل بین المللی آریا لجستیک', '2022-05-08 10:45:26', '2022-05-08 10:45:26'),
(41, 'آروین زیست دارو', '2022-05-08 10:45:32', '2022-05-08 10:45:32'),
(42, 'مهردانه صبا', '2022-05-08 10:45:38', '2022-05-08 10:45:38'),
(43, 'نوین هوا گاز اوین', '2022-05-08 10:45:45', '2022-05-08 10:45:45'),
(44, 'آسا پردازش پارسیا', '2022-05-08 10:45:52', '2022-05-08 10:45:52'),
(45, 'تک درخت سبز', '2022-05-08 10:45:57', '2022-05-08 10:45:57'),
(46, 'بنتاتی', '2022-05-08 10:46:03', '2022-05-08 10:46:03'),
(47, 'پیش بین', '2022-05-08 10:46:10', '2022-05-08 10:46:10'),
(48, 'آران طب الماس', '2022-05-08 10:46:54', '2022-05-08 10:46:54'),
(49, 'ممتاز پمپ پویا', '2022-05-08 10:46:59', '2022-05-08 10:46:59'),
(50, 'پردازش رایان پژواک', '2022-05-08 10:47:04', '2022-05-08 10:47:04'),
(51, 'تضامنی ترکاشوند', '2022-05-08 10:47:08', '2022-05-08 10:47:08'),
(52, 'صرافی ارم امید رحیمی مجذوب', '2022-05-08 10:47:13', '2022-05-08 10:47:13'),
(53, 'احسان یزدلانی', '2022-05-08 10:47:18', '2022-05-08 10:47:18'),
(54, 'شیمی دانان فرزان', '2022-05-08 10:47:23', '2022-05-08 10:47:23'),
(55, 'صندوق پژوهشی توسعه فناوری ایرانیان', '2022-05-08 10:47:29', '2022-05-08 10:47:29'),
(56, 'سرام کالای خاور', '2022-05-08 10:47:34', '2022-05-08 10:47:34'),
(57, 'راک مشبک', '2022-05-08 10:47:40', '2022-05-08 10:47:40'),
(58, 'سیناپخش ژن', '2022-05-08 10:47:45', '2022-05-08 10:47:45'),
(59, 'رضا ظریف محمودیان', '2022-05-08 10:47:51', '2022-05-08 10:47:51'),
(60, 'صفا علی حداد', '2022-05-08 10:47:57', '2022-05-08 10:47:57'),
(61, 'افق فناوری انرژی سبز پارس', '2022-05-08 10:48:03', '2022-05-08 10:48:03'),
(62, 'کیمیاپلیمرصبا', '2022-05-08 10:48:08', '2022-05-08 10:48:08'),
(63, 'فن آوری اطلاعات لاجورد تکوین', '2022-05-08 10:48:14', '2022-05-08 10:48:14'),
(64, 'سیناترابر پارت', '2022-05-08 10:48:20', '2022-05-08 10:48:20'),
(65, 'سروش مهستان عسلویه', '2022-05-08 10:48:25', '2022-05-08 10:48:25'),
(66, 'آسمان رایانه سخت افزار', '2022-05-08 10:48:31', '2022-05-08 10:48:31'),
(67, 'فولاد مهر راستین', '2022-05-08 10:48:38', '2022-05-08 10:48:38'),
(68, 'داده پردازان رایانه کیش مهر', '2022-05-08 10:48:44', '2022-05-08 10:48:44'),
(69, 'خنجری', '2022-05-08 10:48:49', '2022-05-08 10:48:49'),
(70, 'رنگ طیف اوج پارسیان', '2022-05-08 10:48:54', '2022-05-08 10:48:54'),
(71, 'تجارت یاران فرتاک پارسه', '2022-05-08 10:49:00', '2022-05-08 10:49:00'),
(72, 'طیف پرداز پیشرو', '2022-05-08 10:49:06', '2022-05-08 10:49:06'),
(73, 'طب پویش فارابی', '2022-05-08 10:50:19', '2022-05-08 10:50:19'),
(74, 'پالاماشین ایرانیان', '2022-05-08 10:50:24', '2022-05-08 10:50:24'),
(75, 'آریا پلاستیک عرشیا', '2022-05-08 10:50:29', '2022-05-08 10:50:29'),
(76, 'تکناهید', '2022-05-08 10:50:38', '2022-05-08 10:50:38'),
(77, 'محمدرضا رافت', '2022-05-08 10:50:44', '2022-05-08 10:50:44'),
(78, 'همگام رادین لیان', '2022-05-08 10:50:49', '2022-05-08 10:50:49'),
(79, 'سپنتاروی', '2022-05-08 10:50:55', '2022-05-08 10:50:55'),
(80, 'آوای موفق ایرانیان', '2022-05-08 10:51:01', '2022-05-08 10:51:01'),
(81, 'زرافشان کیا', '2022-05-08 10:51:06', '2022-05-08 10:51:06'),
(82, 'فراقطعه متین', '2022-05-08 10:51:13', '2022-05-08 10:51:13'),
(83, 'کشتکاران متین', '2022-05-08 10:51:21', '2022-05-08 10:51:21'),
(84, 'خودروسازان متین', '2022-05-08 10:51:26', '2022-05-08 10:51:26'),
(85, 'نیکان حدید آراد', '2022-05-08 10:51:33', '2022-05-08 10:51:33'),
(86, 'بانیان ایده نو ایرانیان', '2022-05-08 10:51:38', '2022-05-08 10:51:38'),
(87, 'سیناسل', '2022-05-08 10:51:44', '2022-05-08 10:51:44'),
(88, 'فیدار اسپادهیوا', '2022-05-08 10:52:15', '2022-05-08 10:52:15'),
(89, 'سرزمین ابی دوقشم', '2022-05-08 10:52:21', '2022-05-08 10:52:21'),
(90, 'مهان پویش روانکار برتر', '2022-05-08 10:52:26', '2022-05-08 10:52:26'),
(91, 'لیان تجارت ترنج', '2022-05-08 10:52:31', '2022-05-08 10:52:31'),
(92, 'فریر آساطب', '2022-05-08 10:52:37', '2022-05-08 10:52:37'),
(93, 'کی اچ دی هامبولت وداگ جی ام بی اچ', '2022-05-08 10:52:44', '2022-05-08 10:52:44'),
(94, 'آیرما', '2022-05-08 10:52:49', '2022-05-08 10:52:49'),
(95, 'زرین ترابر خاورمیانه', '2022-05-08 10:52:55', '2022-05-08 10:52:55'),
(96, 'زاگرس کمپرسور ایرانیان', '2022-05-08 10:53:00', '2022-05-08 10:53:00'),
(97, 'طعام گستران گلستان', '2022-05-08 10:53:05', '2022-05-08 10:53:05'),
(98, 'ایمن ایده ایرانیان', '2022-05-08 10:53:11', '2022-05-08 10:53:11'),
(99, 'پترو نیروصبا', '2022-05-08 10:53:16', '2022-05-08 10:53:16'),
(100, 'روش های مدیریت نیرو انسانی پیوند', '2022-05-08 10:53:26', '2022-05-08 10:53:26'),
(101, 'آلومینوم پولک شمال', '2022-05-08 10:53:32', '2022-05-08 10:53:32'),
(102, 'bpco', '2022-05-08 10:53:39', '2022-05-08 10:53:39'),
(103, 'فرهاد نویان', '2022-05-08 10:53:44', '2022-05-08 10:53:44'),
(104, 'کانه آرایی اریا', '2022-05-08 10:53:50', '2022-05-08 10:53:50'),
(105, 'آکام پلیمر پیشرو', '2022-05-08 10:53:55', '2022-05-08 10:53:55'),
(106, 'دندان توس تهران', '2022-05-08 10:54:01', '2022-05-08 10:54:01'),
(107, 'گلخانه آرتا رویش سبلان', '2022-05-08 10:54:07', '2022-05-08 10:54:07'),
(108, 'دانیلی اند سی اوفیشینه مکانیشه', '2022-05-08 10:54:17', '2022-05-08 10:54:17'),
(109, 'شیرآلات پرواز برنز', '2022-05-08 10:54:22', '2022-05-08 10:54:22'),
(110, 'کاراتک', '2022-05-08 10:54:27', '2022-05-08 10:54:27'),
(111, 'نانو مبنا ایرانیان', '2022-05-08 10:54:32', '2022-05-08 10:54:32'),
(112, 'ساز آب اندیش', '2022-05-08 10:54:38', '2022-05-08 10:54:38'),
(113, 'سی اچ آرهانسن', '2022-05-08 10:54:44', '2022-05-08 10:54:44'),
(114, 'عالی رو هوا پاک', '2022-05-08 10:54:53', '2022-05-08 10:54:53'),
(115, 'مهرونداد', '2022-05-08 10:54:59', '2022-05-08 10:54:59'),
(116, 'ستاره سروستان', '2022-05-08 10:55:05', '2022-05-08 10:55:05'),
(117, 'ستاره آسمان سیراف', '2022-05-08 10:55:10', '2022-05-08 10:55:10'),
(118, 'صنعتی دیاموند پلور', '2022-05-08 10:55:17', '2022-05-08 10:55:17'),
(119, 'صرافی ادریس محمدی', '2022-05-08 10:55:22', '2022-05-08 10:55:22'),
(120, 'لاستیک خوزستان', '2022-05-08 10:55:28', '2022-05-08 10:55:28'),
(121, 'دامون تجهیزطب', '2022-05-08 10:55:35', '2022-05-08 10:55:35'),
(122, 'راشا پارس رایان', '2022-05-08 10:55:41', '2022-05-08 10:55:41'),
(123, 'انرژی آوا یزد', '2022-05-08 10:57:02', '2022-05-08 10:57:02'),
(124, 'عرش صنعت یاسین', '2022-05-08 10:57:13', '2022-05-08 10:57:13'),
(125, 'رضابخشی', '2022-05-08 10:57:18', '2022-05-08 10:57:18'),
(126, 'پشتیبان خدمات آن سو', '2022-05-08 10:57:24', '2022-05-08 10:57:24'),
(127, 'صرافی صیادی زاده', '2022-05-08 10:57:30', '2022-05-08 10:57:30'),
(128, 'صرافی سلطانی', '2022-05-08 10:58:00', '2022-05-08 10:58:00'),
(129, 'چوب و کاغذ مازندران', '2022-05-08 10:58:06', '2022-05-08 10:58:06'),
(130, 'داروسازان التیام', '2022-05-08 10:58:11', '2022-05-08 10:58:11'),
(131, 'آریا پلاستیک اعتماد', '2022-05-08 10:58:16', '2022-05-08 10:58:16'),
(132, 'آلبالو رایانه سخت افزار', '2022-05-08 10:58:22', '2022-05-08 10:58:22'),
(133, 'رقابت گستر عرشیا', '2022-05-08 10:58:28', '2022-05-08 10:58:28'),
(134, 'کارا2000', '2022-05-08 10:59:07', '2022-05-08 10:59:07'),
(135, 'صرافی صفات', '2022-05-08 10:59:13', '2022-05-08 10:59:13'),
(136, 'پارس پلیکان', '2022-05-08 10:59:18', '2022-05-08 10:59:18'),
(137, 'سازه پردازن', '2022-05-08 10:59:24', '2022-05-08 10:59:24'),
(138, 'وورث', '2022-05-08 10:59:29', '2022-05-08 10:59:29'),
(139, 'آروکو', '2022-05-08 10:59:35', '2022-05-08 10:59:35'),
(140, 'عمراب', '2022-05-08 10:59:41', '2022-05-08 10:59:41'),
(141, 'سامان گستر طباء', '2022-05-08 10:59:47', '2022-05-08 10:59:47'),
(142, 'پارس نیروسان', '2022-05-08 10:59:53', '2022-05-08 10:59:53'),
(143, 'پودر لوت', '2022-05-08 10:59:59', '2022-05-08 10:59:59'),
(144, 'جلال آرا', '2022-05-08 11:00:06', '2022-05-08 11:00:06'),
(145, 'ستارکالا', '2022-05-08 11:00:11', '2022-05-08 11:00:11'),
(146, 'مراغ', '2022-05-08 11:00:16', '2022-05-08 11:00:16'),
(147, 'زیست ارکید فارمد', '2022-05-08 11:00:22', '2022-05-08 11:00:22'),
(148, 'فن آوری اطلاعات ایرانیان', '2022-05-08 11:00:28', '2022-05-08 11:00:28'),
(149, 'آرنا حیات دانش', '2022-05-08 11:00:34', '2022-05-08 11:00:34'),
(150, 'تضامنی عباسی ارکان', '2022-05-08 11:00:40', '2022-05-08 11:00:40'),
(151, 'گنو', '2022-05-08 11:00:45', '2022-05-08 11:00:45'),
(152, 'چاپگر افزار الماس', '2022-05-08 11:00:52', '2022-05-08 11:00:52'),
(153, 'سینا ژن', '2022-05-08 11:01:19', '2022-05-08 11:01:19'),
(154, 'مرتع سبز دشت', '2022-05-08 11:01:25', '2022-05-08 11:01:25'),
(155, 'زیست اروند فارمد', '2022-05-08 11:01:31', '2022-05-08 11:01:31'),
(156, 'آفتاب پلاست البرز', '2022-05-08 11:01:36', '2022-05-08 11:01:36'),
(157, 'ساغر سازه خزر', '2022-05-08 11:01:42', '2022-05-08 11:01:42'),
(158, 'سخت افزار سپهر آسیا', '2022-05-08 11:01:47', '2022-05-08 11:01:47'),
(159, 'بالن گاز آسیا', '2022-05-08 11:01:53', '2022-05-08 11:01:53'),
(160, 'اکام تجارت کوشا', '2022-05-08 11:02:00', '2022-05-08 11:02:00'),
(161, 'نگین مشرق آریا', '2022-05-08 11:02:06', '2022-05-08 11:02:06'),
(162, 'آوازه بازرگانی پارس', '2022-05-08 11:02:11', '2022-05-08 11:02:11'),
(163, 'نوین دانش آینده', '2022-05-08 11:02:17', '2022-05-08 11:02:17'),
(164, 'آریا ایده شهر نوین', '2022-05-08 11:02:23', '2022-05-08 11:02:23'),
(165, 'رایان رز کسری', '2022-05-08 11:02:29', '2022-05-08 11:02:29'),
(166, 'کیا گیتی صنعت', '2022-05-08 11:02:36', '2022-05-08 11:02:36'),
(167, 'تهران کاوش کلون', '2022-05-08 11:02:42', '2022-05-08 11:02:42'),
(168, 'کاسپین همراه ایرانیان', '2022-05-08 11:03:28', '2022-05-08 11:03:28'),
(169, 'پارمیس درمان تهران', '2022-05-08 11:03:34', '2022-05-08 11:03:34'),
(170, 'داروسازی خوارزمی', '2022-05-08 11:03:40', '2022-05-08 11:03:40'),
(171, 'سرور فجر', '2022-05-08 11:03:46', '2022-05-08 11:03:46'),
(172, 'پالسگارد آ اس', '2022-05-08 11:03:53', '2022-05-08 11:03:53'),
(173, 'جهان کلاچ', '2022-05-08 11:03:59', '2022-05-08 11:03:59'),
(174, 'فیلتر سرکان', '2022-05-08 11:04:05', '2022-05-08 11:04:05'),
(175, 'پارس فوم پلیمر مشبک', '2022-05-08 11:04:11', '2022-05-08 11:04:11'),
(176, 'ساز و کار صنعت نوین', '2022-05-08 11:04:17', '2022-05-08 11:04:17'),
(177, 'دلیجان پرواز', '2022-05-08 11:04:22', '2022-05-08 11:04:22'),
(178, 'نوین سرویس مهر سام آسیا', '2022-05-08 11:04:28', '2022-05-08 11:04:28'),
(179, 'نوین چوب و صنعت آسیا', '2022-05-08 11:04:40', '2022-05-08 11:04:40'),
(180, 'راهکار نوین سفر آسا', '2022-05-08 11:04:47', '2022-05-08 11:04:47'),
(181, 'گروه صنعتی سرکان ایرانیان', '2022-05-08 11:04:53', '2022-05-08 11:04:53'),
(182, 'توسعه فن آوری آرین داده پیوسته ایرانیان', '2022-05-08 11:05:00', '2022-05-08 11:05:00'),
(183, 'پویان انرژی لیدوما', '2022-05-08 11:05:08', '2022-05-08 11:05:08'),
(184, 'شبکات رسانا سلولی', '2022-05-08 11:05:14', '2022-05-08 11:05:14'),
(185, 'کاوان فن آوران آوند', '2022-05-08 11:05:21', '2022-05-08 11:05:21'),
(186, 'کاوشگران نوین یکتا', '2022-05-08 11:05:27', '2022-05-08 11:05:27'),
(187, 'توسعه کشاورزی و بازرگانی آرین', '2022-05-08 11:05:33', '2022-05-08 11:05:33'),
(188, 'بهسازی صنایع چوب ایران', '2022-05-08 11:05:39', '2022-05-08 11:05:39'),
(189, 'سانا طب پویا', '2022-05-08 11:05:45', '2022-05-08 11:05:45'),
(190, 'مشاهیر صدر اصفهان', '2022-05-08 11:05:50', '2022-05-08 11:05:50'),
(191, 'ویژن یکتا پردازش', '2022-05-08 11:05:57', '2022-05-08 11:05:57'),
(192, 'بردیا تجارت اسپادانا', '2022-05-08 11:06:03', '2022-05-08 11:06:03'),
(193, 'فولاد پخش آریسمان', '2022-05-08 11:06:09', '2022-05-08 11:06:09'),
(194, 'کمپرسور سازی هواکاران صنعت', '2022-05-08 11:06:15', '2022-05-08 11:06:15'),
(195, 'فناوری ساخت هواکاران صنعت', '2022-05-08 11:06:23', '2022-05-08 11:06:23'),
(196, 'بازرگانی فلز کار آپامه', '2022-05-08 11:06:30', '2022-05-08 11:06:30'),
(197, 'کیان کانیار مهکام', '2022-05-08 11:06:35', '2022-05-08 11:06:35'),
(198, 'نساجی فردوس', '2022-05-08 11:06:40', '2022-05-08 11:06:40'),
(199, 'کارکنان وزارت کشور', '2022-05-08 11:06:46', '2022-05-08 11:06:46'),
(200, 'روشن علی بهرامی', '2022-05-08 11:06:51', '2022-05-08 11:06:51'),
(201, 'گروه ثبت آفرینان سهند', '2022-05-08 11:06:57', '2022-05-08 11:06:57'),
(202, 'ابرار تجارت ورنا', '2022-05-08 11:07:03', '2022-05-08 11:07:03'),
(203, 'فناوران همگام آسا پردازش', '2022-05-08 11:07:10', '2022-05-08 11:07:10'),
(204, 'اسپاد فارمد دارو', '2022-05-08 11:07:16', '2022-05-08 11:07:16'),
(205, 'ویژن آریا گستر فیدار پارسیان', '2022-05-08 11:07:24', '2022-05-08 11:07:24'),
(206, 'پوشاک صنعتی کساء', '2022-05-08 11:07:30', '2022-05-08 11:07:30'),
(207, 'نو آوری فن آوری آرنیکا', '2022-05-08 11:07:36', '2022-05-08 11:07:36'),
(208, 'سانا ایده پرداز ویرا', '2022-05-08 11:08:15', '2022-05-08 11:08:15'),
(209, 'تسنیم بهبود آرمان', '2022-05-08 11:08:21', '2022-05-08 11:08:21'),
(210, 'دشت ساحلی تلکا', '2022-05-08 11:08:26', '2022-05-08 11:08:26'),
(211, 'خلیج پژم', '2022-05-08 11:08:31', '2022-05-08 11:08:31'),
(212, 'مجتمع پزشکی دل آرام سینا', '2022-05-08 11:08:37', '2022-05-08 11:08:37'),
(213, 'مهندسین مشاور و همکاران', '2022-05-08 11:08:42', '2022-05-08 11:08:42'),
(214, 'آکام تجارت راسا', '2022-05-08 11:08:48', '2022-05-08 11:08:48'),
(215, 'همتا گاز مهر آباد', '2022-05-08 11:08:54', '2022-05-08 11:08:54'),
(216, 'کیان صنعت پایدار اندیش', '2022-05-08 11:08:59', '2022-05-08 11:08:59'),
(217, 'مزرعه خورشید مینا', '2022-05-08 11:09:05', '2022-05-08 11:09:05'),
(218, 'هیژا طب همیار', '2022-05-08 11:09:11', '2022-05-08 11:09:11'),
(219, 'برنا اندیشان رایان', '2022-05-08 11:09:18', '2022-05-08 11:09:18'),
(220, 'آبادگران نو اندیش سما', '2022-05-08 11:09:24', '2022-05-08 11:09:24'),
(221, 'پدیده پخت پرشین', '2022-05-08 11:09:29', '2022-05-08 11:09:29'),
(222, 'ماتیا رزیدنس', '2022-05-08 11:09:35', '2022-05-08 11:09:35'),
(223, 'تاو چوب ماشین پاسارگاد', '2022-05-08 11:09:45', '2022-05-08 11:09:45'),
(224, 'آلاشت فارمد', '2022-05-08 11:09:51', '2022-05-08 11:09:51'),
(225, 'شیمی دارویی هیوا فارمد', '2022-05-08 11:09:56', '2022-05-08 11:09:56'),
(226, 'بالن گاز پارس', '2022-05-08 11:10:02', '2022-05-08 11:10:02'),
(227, 'گاز کنترل آسیا', '2022-05-08 11:10:08', '2022-05-08 11:10:08'),
(228, 'دانش بنیان تحقیق و توسعه ایرانیان', '2022-05-08 11:10:13', '2022-05-08 11:10:13'),
(229, 'خدمات مسافرت هوایی دور پرواز', '2022-05-08 11:10:19', '2022-05-08 11:10:19'),
(230, 'صرافی آرمین احمد زمردی', '2022-05-08 11:10:24', '2022-05-08 11:10:24'),
(231, 'صرافی مسحن کاوریانی و شریک', '2022-05-08 11:10:31', '2022-05-08 11:10:31'),
(232, 'پارس برنز', '2022-05-08 11:10:36', '2022-05-08 11:10:36'),
(233, 'گروه ستار کالا و چیره', '2022-05-08 11:10:43', '2022-05-08 11:10:43'),
(234, 'درسا پخش حریر', '2022-05-08 11:10:50', '2022-05-08 11:10:50'),
(235, 'نیلگون تجارت البرز', '2022-05-08 11:10:56', '2022-05-08 11:10:56'),
(236, 'پویان تجارت شایلین', '2022-05-08 11:11:01', '2022-05-08 11:11:01'),
(237, 'رهیاب تجارت راد', '2022-05-08 11:11:07', '2022-05-08 11:11:07'),
(238, 'آوای کالای موفق', '2022-05-08 11:11:12', '2022-05-08 11:11:12'),
(239, 'پژوهان طب کهن', '2022-05-08 11:11:19', '2022-05-08 11:11:19'),
(240, 'پارس تدبیر اوراسیا', '2022-05-08 11:11:25', '2022-05-08 11:11:25'),
(241, 'نوین رشد نادین', '2022-05-08 11:11:31', '2022-05-08 11:11:31'),
(242, 'دیده بان توسعه پایدار', '2022-05-08 11:11:36', '2022-05-08 11:11:36'),
(243, 'پیام توسعه سرزمین', '2022-05-08 11:11:42', '2022-05-08 11:11:42'),
(244, 'رادین فولاد امین', '2022-05-08 11:11:49', '2022-05-08 11:11:49'),
(245, 'کوماتسو', '2022-05-08 13:42:16', '2022-05-08 13:42:16'),
(246, 'بینا تدبیر', '2022-05-25 09:44:02', '2022-05-25 09:44:02'),
(247, 'صرافی لوسانی', '2022-09-11 08:57:46', '2022-09-11 08:57:46'),
(248, 'پالا سازه انرژی', '2022-09-11 08:58:09', '2022-09-11 08:58:09'),
(249, 'میلان پارس فارمد', '2022-09-11 08:58:29', '2022-09-11 08:58:29'),
(250, 'چسب و رزین سپهر', '2022-09-11 08:58:52', '2022-09-11 08:58:52'),
(251, 'توسعه حمل و نقل بین المللی آن سو', '2022-09-11 08:59:11', '2022-09-11 08:59:11'),
(252, 'جابری قیدار', '2022-09-11 08:59:31', '2022-09-11 08:59:31'),
(253, 'جهان پیشرو ایرانیان', '2022-09-11 08:59:49', '2022-09-11 08:59:49'),
(254, 'ترسیم گران پارسیان سیستم', '2022-09-11 09:00:10', '2022-09-11 09:00:10'),
(255, 'آینده فراز توانا', '2022-09-11 09:00:32', '2022-09-11 09:00:32'),
(256, 'زرین نقش آروند', '2022-09-11 09:00:57', '2022-09-11 09:00:57'),
(257, 'اعتماد یاران سبلان', '2022-09-11 09:01:15', '2022-09-11 09:01:15'),
(258, 'ویرا تجارت نیکان آینده', '2022-09-11 09:01:35', '2022-09-11 09:01:35'),
(259, 'دکتر حق نژاد', '2022-09-11 09:01:51', '2022-09-11 09:01:51'),
(260, 'تجارت الکترونیک مثبت سبز', '2022-09-11 09:02:09', '2022-09-11 09:02:09'),
(261, 'بهمین کالای آوید', '2022-09-11 09:02:26', '2022-09-11 09:02:26'),
(262, 'روئیدر ساختمان بندر', '2022-09-11 09:02:42', '2022-09-11 09:02:42'),
(263, 'موسسه پارک علم و فناوری ایرانیان', '2023-06-24 09:04:35', '2023-06-24 09:04:35'),
(264, 'سر آمد پردازان نوین تراشه امن', '2023-06-24 09:04:44', '2023-06-24 09:04:44'),
(265, 'توسعه آتی تیوا', '2023-06-24 09:04:51', '2023-06-24 09:04:51'),
(266, 'دریا تجارت صنعت قشم', '2023-06-24 09:05:00', '2023-06-24 09:05:00'),
(267, 'تضامنی آرمین احمد زمردی', '2023-06-24 09:05:09', '2023-06-24 09:05:09'),
(268, 'ارقام صنعت و تجارت پاسارگاد', '2023-06-24 09:05:31', '2023-06-24 09:05:31'),
(269, 'آیده آل فاتک', '2023-06-24 09:05:43', '2023-06-24 09:05:43'),
(270, 'صنایع غذایی عالیا گلستان', '2023-06-24 09:05:52', '2023-06-24 09:05:52'),
(271, 'تولید زرین دشت سفره', '2023-06-24 09:05:57', '2023-06-24 09:05:57'),
(272, 'پشتیبان تولید سپهر', '2023-06-24 09:06:05', '2023-06-24 09:06:05'),
(273, 'داریوش علیزاده خوشاکو', '2023-06-24 09:06:13', '2023-06-24 09:06:13'),
(274, 'تضامنی امیر محمد بهرمند و شرکاء', '2023-06-24 09:06:21', '2023-06-24 09:06:21'),
(275, 'پدرام پیروزان و شرکاء', '2023-06-24 09:06:28', '2023-06-24 09:06:28'),
(276, 'آریا دیزل پارت', '2023-06-24 09:06:35', '2023-06-24 09:06:35'),
(277, 'صرافی ژانوس', '2023-06-24 09:06:45', '2023-06-24 09:06:45'),
(278, 'صرافی توکلی', '2023-06-24 09:06:52', '2023-06-24 09:06:52'),
(279, 'صرافی صابونچی', '2023-06-24 09:07:00', '2023-06-24 09:07:00'),
(280, 'نگان صبا آرا', '2023-06-24 09:07:07', '2023-06-24 09:07:07'),
(281, 'والا درمان امیر کبیر', '2023-06-24 09:07:14', '2023-06-24 09:07:14'),
(282, 'هوشمند آرنا سورین', '2023-06-24 09:07:22', '2023-06-24 09:07:22'),
(283, 'سادات چرم آرمانی', '2023-06-24 09:07:31', '2023-06-24 09:07:31'),
(284, 'پویا اندیشان موج آریا', '2023-06-24 09:07:38', '2023-06-24 09:07:38'),
(285, 'زرین فولاد شمس', '2023-06-24 09:07:45', '2023-06-24 09:07:45'),
(286, 'رهنوردان هلیای آسمان', '2023-06-24 09:07:53', '2023-06-24 09:07:53'),
(287, 'آراز نوین تجارت گستر طیور گرگان', '2023-06-24 09:08:01', '2023-06-24 09:08:01'),
(288, 'فنی و مهندسی ژرف گوهران', '2023-06-24 09:08:07', '2023-06-24 09:08:07'),
(289, 'هادرون توان', '2023-06-24 09:08:18', '2023-06-24 09:08:18'),
(290, 'پیشتازان قطعات کارا تک', '2023-06-24 09:08:25', '2023-06-24 09:08:25'),
(291, 'فن آوری فرا طیف پویا', '2023-06-24 09:10:23', '2023-06-24 09:10:23'),
(292, 'دانش پرتو نقش جهان', '2023-06-24 09:10:30', '2023-06-24 09:10:30'),
(293, 'پوشاک مهام', '2023-06-24 09:10:38', '2023-06-24 09:10:38'),
(294, 'آقای محمد برزویی', '2023-06-24 09:10:45', '2023-06-24 09:10:45'),
(295, 'افرا پلاستیک مهر', '2023-06-24 09:10:53', '2023-06-24 09:10:53'),
(296, 'راهبرد ایده آل امین', '2023-06-24 09:11:01', '2023-06-24 09:11:01'),
(297, 'نیک آفرین امروز پارسیان', '2023-06-24 09:11:07', '2023-06-24 09:11:07'),
(298, 'اتحادیه انجمن های اسلامی دانش آموزان', '2023-06-24 09:11:14', '2023-06-24 09:11:14'),
(299, 'نوین تکنولوژی کیهان', '2023-06-24 09:11:21', '2023-06-24 09:11:21'),
(300, 'کیمیا شیمی فرایند مهاب', '2023-06-24 09:11:28', '2023-06-24 09:11:28'),
(301, 'آماد گستر فرتاک اروند', '2023-06-24 09:11:36', '2023-06-24 09:11:36'),
(302, 'پترو فراساحل نیام کیش', '2023-06-24 09:11:43', '2023-06-24 09:11:43'),
(303, 'فنی و مهندسی دنیز نیرو هرمزگان', '2023-06-24 09:11:52', '2023-06-24 09:11:52'),
(304, 'بازرگانی سیمان عمران پاسارگاد', '2023-06-24 09:11:59', '2023-06-24 09:11:59'),
(305, 'فنون ارتیاطات شبکه سیار آدنیس', '2023-06-24 09:12:05', '2023-06-24 09:12:05'),
(306, 'الوا یکتا توسعه منطقه آزاد انزلی', '2023-06-24 09:12:12', '2023-06-24 09:12:12'),
(307, 'فرین رنگ چوب', '2023-06-24 09:12:19', '2023-06-24 09:12:19');

-- --------------------------------------------------------

--
-- Table structure for table `migrations`
--

CREATE TABLE `migrations` (
  `id` int UNSIGNED NOT NULL,
  `migration` varchar(255) COLLATE utf8mb4_unicode_ci NOT NULL,
  `batch` int NOT NULL
) ENGINE=InnoDB DEFAULT CHARSET=utf8mb4 COLLATE=utf8mb4_unicode_ci;

--
-- Dumping data for table `migrations`
--

INSERT INTO `migrations` (`id`, `migration`, `batch`) VALUES
(1, '2023_08_03_124924_create_reports_table', 1),
(3, '2023_08_02_083102_create_users_table', 2),
(4, '2023_08_08_112134_create_notifications_table', 3),
(5, '2023_08_22_100549_create_tickets_table', 4),
(6, '2023_08_22_100840_create_replies_table', 5),
(8, '2023_08_27_165846_add_extra_fileds_into_reort_table', 6);

-- --------------------------------------------------------

--
-- Table structure for table `notifications`
--

CREATE TABLE `notifications` (
  `id` char(36) COLLATE utf8mb4_unicode_ci NOT NULL,
  `type` varchar(255) COLLATE utf8mb4_unicode_ci NOT NULL,
  `notifiable_type` varchar(255) COLLATE utf8mb4_unicode_ci NOT NULL,
  `notifiable_id` bigint UNSIGNED NOT NULL,
  `data` text COLLATE utf8mb4_unicode_ci NOT NULL,
  `read_at` timestamp NULL DEFAULT NULL,
  `created_at` timestamp NULL DEFAULT NULL,
  `updated_at` timestamp NULL DEFAULT NULL
) ENGINE=InnoDB DEFAULT CHARSET=utf8mb4 COLLATE=utf8mb4_unicode_ci;

--
-- Dumping data for table `notifications`
--

INSERT INTO `notifications` (`id`, `type`, `notifiable_type`, `notifiable_id`, `data`, `read_at`, `created_at`, `updated_at`) VALUES
('002c0014-345c-4549-999f-051c000804ba', 'App\\Notifications\\ReportEdited', 'App\\Models\\user', 2, '{\"data\":\" \\u06af\\u0632\\u0627\\u0631\\u0634 \\u062c\\u062f\\u06cc\\u062f\\u06cc \\u062a\\u0648\\u0633\\u0637 \\u0645\\u062f\\u06cc\\u0631 \\u0648\\u06cc\\u0631\\u0627\\u06cc\\u0634 \\u0634\\u062f\",\"color\":\"text-blue-500\",\"reportId\":29}', '2023-08-23 06:07:34', '2023-08-13 05:43:05', '2023-08-23 06:07:34'),
('035b5a93-1c79-4306-afb0-2760f8c17c99', 'App\\Notifications\\ReportAdded', 'App\\Models\\user', 2, '{\"data\":\" \\u06af\\u0632\\u0627\\u0631\\u0634 \\u062c\\u062f\\u06cc\\u062f\\u06cc \\u062a\\u0648\\u0633\\u0637 \\u0645\\u062f\\u06cc\\u0631 \\u0627\\u06cc\\u062c\\u0627\\u062f \\u0634\\u062f\",\"color\":\"text-green-500\",\"dataId\":42,\"route\":\"report.view.single\"}', NULL, '2023-08-27 14:53:18', '2023-08-27 14:53:18'),
('0c531da8-2e9e-4d9a-ab63-7cdb05176950', 'App\\Notifications\\ReportAdded', 'App\\Models\\user', 2, '{\"data\":\" \\u06af\\u0632\\u0627\\u0631\\u0634 \\u062c\\u062f\\u06cc\\u062f\\u06cc \\u062a\\u0648\\u0633\\u0637 \\u0645\\u062f\\u06cc\\u0631 \\u0627\\u06cc\\u062c\\u0627\\u062f \\u0634\\u062f\",\"color\":\"text-green-500\",\"dataId\":39,\"route\":\"report.view.single\"}', '2023-08-27 15:15:07', '2023-08-27 14:08:16', '2023-08-27 15:15:07'),
('116652d3-33f4-4cc0-bd0c-d4656c16e903', 'App\\Notifications\\ReportEdited', 'App\\Models\\user', 2, '{\"data\":\" \\u06af\\u0632\\u0627\\u0631\\u0634 \\u062c\\u062f\\u06cc\\u062f\\u06cc \\u062a\\u0648\\u0633\\u0637 \\u0645\\u062f\\u06cc\\u0631 \\u0648\\u06cc\\u0631\\u0627\\u06cc\\u0634 \\u0634\\u062f\",\"color\":\"text-blue-500\",\"dataId\":43,\"route\":\"report.view.single\"}', '2023-08-27 15:14:03', '2023-08-27 15:03:47', '2023-08-27 15:14:03'),
('1712a079-e670-4499-b704-d12e94b9b14d', 'App\\Notifications\\ReportEdited', 'App\\Models\\user', 2, '{\"data\":\" \\u06af\\u0632\\u0627\\u0631\\u0634 \\u062c\\u062f\\u06cc\\u062f\\u06cc \\u062a\\u0648\\u0633\\u0637 \\u0645\\u062f\\u06cc\\u0631 \\u0648\\u06cc\\u0631\\u0627\\u06cc\\u0634 \\u0634\\u062f\",\"color\":\"text-blue-500\",\"dataId\":37,\"route\":\"report.view.single\"}', '2023-08-23 05:54:33', '2023-08-23 05:54:24', '2023-08-23 05:54:33'),
('19e87ae7-95e6-4c21-bfc7-55d75c4d043c', 'App\\Notifications\\ReportDeleted', 'App\\Models\\user', 201, '{\"data\":\" \\u06af\\u0632\\u0627\\u0631\\u0634 \\u062c\\u062f\\u06cc\\u062f\\u06cc \\u062a\\u0648\\u0633\\u0637 \\u0645\\u062f\\u06cc\\u0631 \\u062d\\u0630\\u0641 \\u0634\\u062f\",\"color\":\"text-red-500\"}', '2023-08-23 05:01:52', '2023-08-13 05:24:02', '2023-08-23 05:01:52'),
('1ed677c1-5d44-440e-ada8-3722b1463ac0', 'App\\Notifications\\ReportDeleted', 'App\\Models\\user', 201, '{\"data\":\" \\u06af\\u0632\\u0627\\u0631\\u0634 \\u062c\\u062f\\u06cc\\u062f\\u06cc \\u062a\\u0648\\u0633\\u0637 \\u0645\\u062f\\u06cc\\u0631 \\u062d\\u0630\\u0641 \\u0634\\u062f\",\"color\":\"text-red-500\"}', '2023-08-23 06:57:25', '2023-08-23 06:57:21', '2023-08-23 06:57:25'),
('2187dc4a-1d21-43cb-ae8f-1a3ef8ba9174', 'App\\Notifications\\ReportDeleted', 'App\\Models\\user', 201, '{\"data\":\" \\u06af\\u0632\\u0627\\u0631\\u0634 \\u062c\\u062f\\u06cc\\u062f\\u06cc \\u062a\\u0648\\u0633\\u0637 \\u0645\\u062f\\u06cc\\u0631 \\u062d\\u0630\\u0641 \\u0634\\u062f\",\"color\":\"text-red-500\"}', '2023-08-23 05:01:41', '2023-08-13 05:23:55', '2023-08-23 05:01:41'),
('265f6c62-9319-4a3c-b7b8-62944f4c4853', 'App\\Notifications\\ReportEdited', 'App\\Models\\user', 2, '{\"data\":\" \\u06af\\u0632\\u0627\\u0631\\u0634 \\u062c\\u062f\\u06cc\\u062f\\u06cc \\u062a\\u0648\\u0633\\u0637 \\u0645\\u062f\\u06cc\\u0631 \\u0648\\u06cc\\u0631\\u0627\\u06cc\\u0634 \\u0634\\u062f\",\"color\":\"text-blue-500\",\"dataId\":43,\"route\":\"report.view.single\"}', NULL, '2023-08-27 15:03:53', '2023-08-27 15:03:53'),
('28ae0bd8-5bf7-4751-a24b-5dbfe8149b86', 'App\\Notifications\\ReportDeleted', 'App\\Models\\user', 201, '{\"data\":\" \\u06af\\u0632\\u0627\\u0631\\u0634 \\u062c\\u062f\\u06cc\\u062f\\u06cc \\u062a\\u0648\\u0633\\u0637 \\u0645\\u062f\\u06cc\\u0631 \\u062d\\u0630\\u0641 \\u0634\\u062f\",\"color\":\"text-red-500\"}', '2023-08-23 05:01:24', '2023-08-13 05:24:14', '2023-08-23 05:01:24'),
('2bd0ad6b-1166-4a2b-b9d0-6c10b7934af5', 'App\\Notifications\\ReportEdited', 'App\\Models\\user', 2, '{\"data\":\" \\u06af\\u0632\\u0627\\u0631\\u0634 \\u062c\\u062f\\u06cc\\u062f\\u06cc \\u062a\\u0648\\u0633\\u0637 \\u0645\\u062f\\u06cc\\u0631 \\u0648\\u06cc\\u0631\\u0627\\u06cc\\u0634 \\u0634\\u062f\",\"color\":\"text-blue-500\",\"dataId\":41,\"route\":\"report.view.single\"}', '2023-08-27 15:15:36', '2023-08-27 14:49:33', '2023-08-27 15:15:36'),
('35686ab6-4be3-4493-aa7f-9c834986a2d4', 'App\\Notifications\\ReportDeleted', 'App\\Models\\user', 201, '{\"data\":\" \\u06af\\u0632\\u0627\\u0631\\u0634 \\u062c\\u062f\\u06cc\\u062f\\u06cc \\u062a\\u0648\\u0633\\u0637 \\u0645\\u062f\\u06cc\\u0631 \\u062d\\u0630\\u0641 \\u0634\\u062f\",\"color\":\"text-red-500\"}', '2023-08-23 05:00:15', '2023-08-13 05:24:58', '2023-08-23 05:00:15'),
('35822581-26db-489b-9796-ab98ed998ed9', 'App\\Notifications\\newReplyNotification', 'App\\Models\\user', 2, '{\"data\":\"\\u067e\\u06cc\\u0627\\u0645 \\u062c\\u062f\\u06cc\\u062f\\u06cc \\u062f\\u0627\\u0631\\u06cc\\u062f\",\"color\":\"text-orange-500\",\"route\":\"ticket.single\",\"dataId\":17}', '2023-08-27 15:14:22', '2023-08-23 06:05:43', '2023-08-27 15:14:22'),
('36a02920-ab79-4a48-ae10-8a73bfe7d170', 'App\\Notifications\\ReportDeleted', 'App\\Models\\user', 201, '{\"data\":\" \\u06af\\u0632\\u0627\\u0631\\u0634 \\u062c\\u062f\\u06cc\\u062f\\u06cc \\u062a\\u0648\\u0633\\u0637 \\u0645\\u062f\\u06cc\\u0631 \\u062d\\u0630\\u0641 \\u0634\\u062f\",\"color\":\"text-red-500\"}', '2023-08-23 05:00:34', '2023-08-13 05:24:46', '2023-08-23 05:00:34'),
('3e7f3616-70db-4343-b8dd-ff4fea367d3c', 'App\\Notifications\\ReportEdited', 'App\\Models\\user', 2, '{\"data\":\" \\u06af\\u0632\\u0627\\u0631\\u0634 \\u062c\\u062f\\u06cc\\u062f\\u06cc \\u062a\\u0648\\u0633\\u0637 \\u0645\\u062f\\u06cc\\u0631 \\u0648\\u06cc\\u0631\\u0627\\u06cc\\u0634 \\u0634\\u062f\",\"color\":\"text-blue-500\",\"reportId\":34}', '2023-08-27 15:14:06', '2023-08-13 05:47:39', '2023-08-27 15:14:06'),
('40487b21-6c04-40f0-a91f-0466b102c8f5', 'App\\Notifications\\newTicketNotification', 'App\\Models\\user', 201, '{\"data\":\"\\u062a\\u06cc\\u06a9\\u062a \\u062c\\u062f\\u06cc\\u062f\\u06cc \\u0628\\u0647 \\u062b\\u0628\\u062a \\u0631\\u0633\\u06cc\\u062f\",\"color\":\"text-blue-300\",\"route\":\"ticket.single\",\"dataId\":20}', '2023-08-23 05:55:30', '2023-08-23 05:55:11', '2023-08-23 05:55:30'),
('409ffb78-792b-4716-a993-bea8aaa57567', 'App\\Notifications\\ReportEdited', 'App\\Models\\user', 2, '{\"data\":\" \\u06af\\u0632\\u0627\\u0631\\u0634 \\u062c\\u062f\\u06cc\\u062f\\u06cc \\u062a\\u0648\\u0633\\u0637 \\u0645\\u062f\\u06cc\\u0631 \\u0648\\u06cc\\u0631\\u0627\\u06cc\\u0634 \\u0634\\u062f\",\"color\":\"text-blue-500\",\"reportId\":34}', '2023-08-27 15:14:17', '2023-08-13 05:46:07', '2023-08-27 15:14:17'),
('4172f8d7-ef0e-4517-98dc-0771cc01e487', 'App\\Notifications\\ReportAdded', 'App\\Models\\user', 2, '{\"data\":\" \\u06af\\u0632\\u0627\\u0631\\u0634 \\u062c\\u062f\\u06cc\\u062f\\u06cc \\u062a\\u0648\\u0633\\u0637 \\u0645\\u062f\\u06cc\\u0631 \\u0627\\u06cc\\u062c\\u0627\\u062f \\u0634\\u062f\",\"color\":\"text-green-500\",\"dataId\":44,\"route\":\"report.view.single\"}', NULL, '2023-08-28 02:44:32', '2023-08-28 02:44:32'),
('44b932ee-8f68-475f-bb81-be8cbe4271d8', 'App\\Notifications\\ReportAdded', 'App\\Models\\user', 2, '{\"data\":\" \\u06af\\u0632\\u0627\\u0631\\u0634 \\u062c\\u062f\\u06cc\\u062f\\u06cc \\u062a\\u0648\\u0633\\u0637 \\u0645\\u062f\\u06cc\\u0631 \\u0627\\u06cc\\u062c\\u0627\\u062f \\u0634\\u062f\",\"color\":\"text-green-500\",\"dataId\":43,\"route\":\"report.view.single\"}', NULL, '2023-08-27 14:55:25', '2023-08-27 14:55:25'),
('49bd1b6b-ee6b-4ae1-af01-376817619603', 'App\\Notifications\\ReportAdded', 'App\\Models\\user', 2, '{\"data\":\" \\u06af\\u0632\\u0627\\u0631\\u0634 \\u062c\\u062f\\u06cc\\u062f\\u06cc \\u062a\\u0648\\u0633\\u0637 \\u0645\\u062f\\u06cc\\u0631 \\u0627\\u06cc\\u062c\\u0627\\u062f \\u0634\\u062f\",\"color\":\"text-green-500\",\"dataId\":45,\"route\":\"report.view.single\"}', NULL, '2023-08-28 02:46:11', '2023-08-28 02:46:11'),
('4cd2f2bc-8b81-4629-bf3d-5e32d287e156', 'App\\Notifications\\ReportAdded', 'App\\Models\\user', 2, '{\"data\":\" \\u06af\\u0632\\u0627\\u0631\\u0634 \\u062c\\u062f\\u06cc\\u062f\\u06cc \\u062a\\u0648\\u0633\\u0637 \\u0645\\u062f\\u06cc\\u0631 \\u0627\\u06cc\\u062c\\u0627\\u062f \\u0634\\u062f\",\"color\":\"text-green-500\",\"reportId\":32}', '2023-08-13 04:18:45', '2023-08-13 04:18:29', '2023-08-13 04:18:45'),
('4cf455ac-b624-49e9-ad05-7f26b601d848', 'App\\Notifications\\ReportDeleted', 'App\\Models\\user', 201, '{\"data\":\" \\u06af\\u0632\\u0627\\u0631\\u0634 \\u062c\\u062f\\u06cc\\u062f\\u06cc \\u062a\\u0648\\u0633\\u0637 \\u0645\\u062f\\u06cc\\u0631 \\u062d\\u0630\\u0641 \\u0634\\u062f\",\"color\":\"text-red-500\"}', '2023-08-23 05:02:10', '2023-08-13 05:25:01', '2023-08-23 05:02:10'),
('4e27cb4c-4858-4eee-ac6c-7f546c746b8c', 'App\\Notifications\\ReportAdded', 'App\\Models\\user', 3, '{\"data\":\" \\u06af\\u0632\\u0627\\u0631\\u0634 \\u062c\\u062f\\u06cc\\u062f\\u06cc \\u062a\\u0648\\u0633\\u0637 \\u0645\\u062f\\u06cc\\u0631 \\u0627\\u06cc\\u062c\\u0627\\u062f \\u0634\\u062f\",\"color\":\"text-green-500\",\"reportId\":\"4e27cb4c-4858-4eee-ac6c-7f546c746b8c\"}', NULL, '2023-08-08 09:27:34', '2023-08-08 09:27:34'),
('4e928bc5-1474-4003-85c5-8d1f0fccbaee', 'App\\Notifications\\newReplyNotification', 'App\\Models\\user', 2, '{\"data\":\"\\u067e\\u06cc\\u0627\\u0645 \\u062c\\u062f\\u06cc\\u062f\\u06cc \\u062f\\u0627\\u0631\\u06cc\\u062f\",\"color\":\"text-orange-500\",\"route\":\"ticket.single\",\"dataId\":\"19\"}', '2023-08-23 06:06:55', '2023-08-23 06:06:44', '2023-08-23 06:06:55'),
('5f7c24cf-5385-45e6-902c-8032d4655151', 'App\\Notifications\\ReportDeleted', 'App\\Models\\user', 201, '{\"data\":\" \\u06af\\u0632\\u0627\\u0631\\u0634 \\u062c\\u062f\\u06cc\\u062f\\u06cc \\u062a\\u0648\\u0633\\u0637 \\u0645\\u062f\\u06cc\\u0631 \\u062d\\u0630\\u0641 \\u0634\\u062f\",\"color\":\"text-red-500\"}', '2023-08-23 05:00:27', '2023-08-13 05:24:50', '2023-08-23 05:00:27'),
('6602fb58-d3fa-497c-8ba7-e99a964a236a', 'App\\Notifications\\newTicketNotification', 'App\\Models\\user', 201, '{\"data\":\"\\u062a\\u06cc\\u06a9\\u062a \\u062c\\u062f\\u06cc\\u062f\\u06cc \\u0628\\u0647 \\u062b\\u0628\\u062a \\u0631\\u0633\\u06cc\\u062f\",\"color\":\"text-blue-300\",\"route\":\"ticket.single\",\"dataId\":19}', '2023-08-23 05:55:34', '2023-08-23 05:42:19', '2023-08-23 05:55:34'),
('6827be3b-3e2f-4330-ae5f-e2a40f966e18', 'App\\Notifications\\ReportDeleted', 'App\\Models\\user', 201, '{\"data\":\" \\u06af\\u0632\\u0627\\u0631\\u0634 \\u062c\\u062f\\u06cc\\u062f\\u06cc \\u062a\\u0648\\u0633\\u0637 \\u0645\\u062f\\u06cc\\u0631 \\u062d\\u0630\\u0641 \\u0634\\u062f\",\"color\":\"text-red-500\"}', '2023-08-23 05:29:49', '2023-08-13 05:25:05', '2023-08-23 05:29:49'),
('6c8681e0-dfe2-427b-af43-f84d1a2a1907', 'App\\Notifications\\ReportAdded', 'App\\Models\\user', 2, '{\"data\":\" \\u06af\\u0632\\u0627\\u0631\\u0634 \\u062c\\u062f\\u06cc\\u062f\\u06cc \\u062a\\u0648\\u0633\\u0637 \\u0645\\u062f\\u06cc\\u0631 \\u0627\\u06cc\\u062c\\u0627\\u062f \\u0634\\u062f\",\"color\":\"text-green-500\",\"dataId\":35,\"route\":\"report.single\"}', '2023-08-23 05:48:10', '2023-08-23 05:37:57', '2023-08-23 05:48:10'),
('73b7cae6-55d7-4c66-abb9-8234ed7916d6', 'App\\Notifications\\ReportEdited', 'App\\Models\\user', 2, '{\"data\":\" \\u06af\\u0632\\u0627\\u0631\\u0634 \\u062c\\u062f\\u06cc\\u062f\\u06cc \\u062a\\u0648\\u0633\\u0637 \\u0645\\u062f\\u06cc\\u0631 \\u0648\\u06cc\\u0631\\u0627\\u06cc\\u0634 \\u0634\\u062f\",\"color\":\"text-blue-500\",\"dataId\":41,\"route\":\"report.view.single\"}', '2023-08-27 15:15:29', '2023-08-27 14:49:10', '2023-08-27 15:15:29'),
('7c2907ef-4c98-462e-afec-2071a21ba018', 'App\\Notifications\\ReportAdded', 'App\\Models\\user', 2, '{\"data\":\" \\u06af\\u0632\\u0627\\u0631\\u0634 \\u062c\\u062f\\u06cc\\u062f\\u06cc \\u062a\\u0648\\u0633\\u0637 \\u0645\\u062f\\u06cc\\u0631 \\u0627\\u06cc\\u062c\\u0627\\u062f \\u0634\\u062f\",\"color\":\"text-green-500\",\"dataId\":40,\"route\":\"report.view.single\"}', '2023-08-27 15:14:40', '2023-08-27 14:16:07', '2023-08-27 15:14:40'),
('817fae93-79fe-498c-9d94-f633a86fea72', 'App\\Notifications\\ReportEdited', 'App\\Models\\user', 2, '{\"data\":\" \\u06af\\u0632\\u0627\\u0631\\u0634 \\u062c\\u062f\\u06cc\\u062f\\u06cc \\u062a\\u0648\\u0633\\u0637 \\u0645\\u062f\\u06cc\\u0631 \\u0648\\u06cc\\u0631\\u0627\\u06cc\\u0634 \\u0634\\u062f\",\"color\":\"text-blue-500\",\"dataId\":41,\"route\":\"report.view.single\"}', NULL, '2023-08-27 15:00:11', '2023-08-27 15:00:11'),
('827023f8-334f-426f-ba39-06a81888ea0d', 'App\\Notifications\\ReportDeleted', 'App\\Models\\user', 201, '{\"data\":\" \\u06af\\u0632\\u0627\\u0631\\u0634 \\u062c\\u062f\\u06cc\\u062f\\u06cc \\u062a\\u0648\\u0633\\u0637 \\u0645\\u062f\\u06cc\\u0631 \\u062d\\u0630\\u0641 \\u0634\\u062f\",\"color\":\"text-red-500\"}', '2023-08-23 05:01:02', '2023-08-13 05:24:29', '2023-08-23 05:01:02'),
('8a4b5a32-ad1c-48fb-ab1e-100ae5a8ac43', 'App\\Notifications\\ReportDeleted', 'App\\Models\\user', 201, '{\"data\":\" \\u06af\\u0632\\u0627\\u0631\\u0634 \\u062c\\u062f\\u06cc\\u062f\\u06cc \\u062a\\u0648\\u0633\\u0637 \\u0645\\u062f\\u06cc\\u0631 \\u062d\\u0630\\u0641 \\u0634\\u062f\",\"color\":\"text-red-500\"}', '2023-08-23 05:02:03', '2023-08-13 05:24:09', '2023-08-23 05:02:03'),
('8a6a599c-5e53-4ef0-b3ee-b63c7f31ed10', 'App\\Notifications\\ReportDeleted', 'App\\Models\\user', 201, '{\"data\":\" \\u06af\\u0632\\u0627\\u0631\\u0634 \\u062c\\u062f\\u06cc\\u062f\\u06cc \\u062a\\u0648\\u0633\\u0637 \\u0645\\u062f\\u06cc\\u0631 \\u062d\\u0630\\u0641 \\u0634\\u062f\",\"color\":\"text-red-500\"}', '2023-08-23 05:01:45', '2023-08-13 05:23:51', '2023-08-23 05:01:45'),
('8cf33ba2-19e8-4879-944a-c8b564f2c3e5', 'App\\Notifications\\ReportEdited', 'App\\Models\\user', 2, '{\"data\":\" \\u06af\\u0632\\u0627\\u0631\\u0634 \\u062c\\u062f\\u06cc\\u062f\\u06cc \\u062a\\u0648\\u0633\\u0637 \\u0645\\u062f\\u06cc\\u0631 \\u0648\\u06cc\\u0631\\u0627\\u06cc\\u0634 \\u0634\\u062f\",\"color\":\"text-blue-500\",\"dataId\":41,\"route\":\"report.view.single\"}', NULL, '2023-08-27 14:58:53', '2023-08-27 14:58:53'),
('8e7255c6-5541-4aa9-b99f-98ccf611429a', 'App\\Notifications\\ReportAdded', 'App\\Models\\user', 3, '{\"data\":\" \\u06af\\u0632\\u0627\\u0631\\u0634 \\u062c\\u062f\\u06cc\\u062f\\u06cc \\u062a\\u0648\\u0633\\u0637 \\u0645\\u062f\\u06cc\\u0631 \\u0627\\u06cc\\u062c\\u0627\\u062f \\u0634\\u062f\"}', '2023-08-08 08:05:11', '2023-08-08 08:05:11', '2023-08-08 08:05:11'),
('8e7255c6-5541-4aa9-b99f-98ccf611429b', 'App\\Notifications\\ReportAdded', 'App\\Models\\user', 3, '{\"data\":\" \\u06af\\u0632\\u0627\\u0631\\u0634 \\u062c\\u062f\\u06cc\\u062f\\u06cc \\u062a\\u0648\\u0633\\u0637 \\u0645\\u062f\\u06cc\\u0631 \\u0627\\u06cc\\u062c\\u0627\\u062f \\u0634\\u062f\"}', '2023-08-08 08:05:11', '2023-08-08 08:10:11', '2023-08-08 08:05:11'),
('903d1472-5b7b-4ab3-b625-568dfe8279ba', 'App\\Notifications\\ReportEdited', 'App\\Models\\user', 2, '{\"data\":\" \\u06af\\u0632\\u0627\\u0631\\u0634 \\u062c\\u062f\\u06cc\\u062f\\u06cc \\u062a\\u0648\\u0633\\u0637 \\u0645\\u062f\\u06cc\\u0631 \\u0648\\u06cc\\u0631\\u0627\\u06cc\\u0634 \\u0634\\u062f\",\"color\":\"text-blue-500\",\"dataId\":41,\"route\":\"report.view.single\"}', '2023-08-27 15:15:04', '2023-08-27 14:49:05', '2023-08-27 15:15:04'),
('9917fbbf-eaad-4936-ad75-fdfad230d905', 'App\\Notifications\\ReportAdded', 'App\\Models\\user', 3, '{\"data\":\" \\u06af\\u0632\\u0627\\u0631\\u0634 \\u062c\\u062f\\u06cc\\u062f\\u06cc \\u062a\\u0648\\u0633\\u0637 \\u0645\\u062f\\u06cc\\u0631 \\u0627\\u06cc\\u062c\\u0627\\u062f \\u0634\\u062f\",\"color\":\"text-blue-500\",\"reportId\":30}', '2023-08-08 11:13:31', '2023-08-08 09:34:40', '2023-08-08 11:13:31'),
('99db0988-c461-44ab-8684-ff4d2fd4af7f', 'App\\Notifications\\ReportDeleted', 'App\\Models\\user', 201, '{\"data\":\" \\u06af\\u0632\\u0627\\u0631\\u0634 \\u062c\\u062f\\u06cc\\u062f\\u06cc \\u062a\\u0648\\u0633\\u0637 \\u0645\\u062f\\u06cc\\u0631 \\u062d\\u0630\\u0641 \\u0634\\u062f\",\"color\":\"text-red-500\"}', '2023-08-08 11:19:04', '2023-08-08 11:18:56', '2023-08-08 11:19:04'),
('9a48ceb1-803d-4fe6-bbbc-51920ebb826d', 'App\\Notifications\\ReportEdited', 'App\\Models\\user', 2, '{\"data\":\" \\u06af\\u0632\\u0627\\u0631\\u0634 \\u062c\\u062f\\u06cc\\u062f\\u06cc \\u062a\\u0648\\u0633\\u0637 \\u0645\\u062f\\u06cc\\u0631 \\u0648\\u06cc\\u0631\\u0627\\u06cc\\u0634 \\u0634\\u062f\",\"color\":\"text-blue-500\",\"reportId\":34}', '2023-08-27 15:14:14', '2023-08-13 05:50:05', '2023-08-27 15:14:14'),
('9b7a6c38-a0c7-4d3b-a08d-e81fa04b4584', 'App\\Notifications\\ReportEdited', 'App\\Models\\user', 2, '{\"data\":\" \\u06af\\u0632\\u0627\\u0631\\u0634 \\u062c\\u062f\\u06cc\\u062f\\u06cc \\u062a\\u0648\\u0633\\u0637 \\u0645\\u062f\\u06cc\\u0631 \\u0648\\u06cc\\u0631\\u0627\\u06cc\\u0634 \\u0634\\u062f\",\"color\":\"text-blue-500\",\"dataId\":43,\"route\":\"report.view.single\"}', NULL, '2023-08-27 15:03:33', '2023-08-27 15:03:33'),
('9bc0e02f-cf65-477c-8069-5a8aa14f1494', 'App\\Notifications\\ReportEdited', 'App\\Models\\user', 2, '{\"data\":\" \\u06af\\u0632\\u0627\\u0631\\u0634 \\u062c\\u062f\\u06cc\\u062f\\u06cc \\u062a\\u0648\\u0633\\u0637 \\u0645\\u062f\\u06cc\\u0631 \\u0648\\u06cc\\u0631\\u0627\\u06cc\\u0634 \\u0634\\u062f\",\"color\":\"text-blue-500\",\"dataId\":41,\"route\":\"report.view.single\"}', NULL, '2023-08-27 15:03:15', '2023-08-27 15:03:15'),
('a3872af8-90e2-4aac-83c5-ebfadb6659ec', 'App\\Notifications\\ReportDeleted', 'App\\Models\\user', 201, '{\"data\":\" \\u06af\\u0632\\u0627\\u0631\\u0634 \\u062c\\u062f\\u06cc\\u062f\\u06cc \\u062a\\u0648\\u0633\\u0637 \\u0645\\u062f\\u06cc\\u0631 \\u062d\\u0630\\u0641 \\u0634\\u062f\",\"color\":\"text-red-500\"}', '2023-08-23 06:58:22', '2023-08-23 06:58:18', '2023-08-23 06:58:22'),
('a5813a5a-bdcf-41a3-8676-7d286b48a08f', 'App\\Notifications\\ReportEdited', 'App\\Models\\user', 2, '{\"data\":\" \\u06af\\u0632\\u0627\\u0631\\u0634 \\u062c\\u062f\\u06cc\\u062f\\u06cc \\u062a\\u0648\\u0633\\u0637 \\u0645\\u062f\\u06cc\\u0631 \\u0648\\u06cc\\u0631\\u0627\\u06cc\\u0634 \\u0634\\u062f\",\"color\":\"text-blue-500\",\"reportId\":33}', '2023-08-13 05:27:02', '2023-08-13 05:26:11', '2023-08-13 05:27:02'),
('a6efb7d5-75a3-4cf6-ae7d-69e3e4d59c7b', 'App\\Notifications\\ReportEdited', 'App\\Models\\user', 2, '{\"data\":\" \\u06af\\u0632\\u0627\\u0631\\u0634 \\u062c\\u062f\\u06cc\\u062f\\u06cc \\u062a\\u0648\\u0633\\u0637 \\u0645\\u062f\\u06cc\\u0631 \\u0648\\u06cc\\u0631\\u0627\\u06cc\\u0634 \\u0634\\u062f\",\"color\":\"text-blue-500\",\"reportId\":33}', '2023-08-27 15:11:18', '2023-08-13 05:42:33', '2023-08-27 15:11:18'),
('a7991b5a-4a0a-449f-a365-367638bc7720', 'App\\Notifications\\ReportAdded', 'App\\Models\\user', 2, '{\"data\":\" \\u06af\\u0632\\u0627\\u0631\\u0634 \\u062c\\u062f\\u06cc\\u062f\\u06cc \\u062a\\u0648\\u0633\\u0637 \\u0645\\u062f\\u06cc\\u0631 \\u0627\\u06cc\\u062c\\u0627\\u062f \\u0634\\u062f\",\"color\":\"text-green-500\",\"reportId\":34}', '2023-08-27 15:14:09', '2023-08-13 05:45:49', '2023-08-27 15:14:09'),
('a98ed797-e067-4cc6-b6c3-86e639c4e81c', 'App\\Notifications\\ReportEdited', 'App\\Models\\user', 2, '{\"data\":\" \\u06af\\u0632\\u0627\\u0631\\u0634 \\u062c\\u062f\\u06cc\\u062f\\u06cc \\u062a\\u0648\\u0633\\u0637 \\u0645\\u062f\\u06cc\\u0631 \\u0648\\u06cc\\u0631\\u0627\\u06cc\\u0634 \\u0634\\u062f\",\"color\":\"text-blue-500\",\"dataId\":41,\"route\":\"report.view.single\"}', NULL, '2023-08-27 15:00:03', '2023-08-27 15:00:03'),
('aafd5052-3fc2-499f-a712-7f91cf75613d', 'App\\Notifications\\ReportDeleted', 'App\\Models\\user', 201, '{\"data\":\" \\u06af\\u0632\\u0627\\u0631\\u0634 \\u062c\\u062f\\u06cc\\u062f\\u06cc \\u062a\\u0648\\u0633\\u0637 \\u0645\\u062f\\u06cc\\u0631 \\u062d\\u0630\\u0641 \\u0634\\u062f\",\"color\":\"text-red-500\"}', '2023-08-23 05:01:56', '2023-08-13 05:23:58', '2023-08-23 05:01:56'),
('ad40c5aa-01b5-4a98-8012-b7094955fc32', 'App\\Notifications\\ReportEdited', 'App\\Models\\user', 2, '{\"data\":\" \\u06af\\u0632\\u0627\\u0631\\u0634 \\u062c\\u062f\\u06cc\\u062f\\u06cc \\u062a\\u0648\\u0633\\u0637 \\u0645\\u062f\\u06cc\\u0631 \\u0648\\u06cc\\u0631\\u0627\\u06cc\\u0634 \\u0634\\u062f\",\"color\":\"text-blue-500\",\"reportId\":34}', '2023-08-27 15:15:31', '2023-08-13 05:47:19', '2023-08-27 15:15:31'),
('af851012-917d-4ea6-9bc1-aa10f25f13d6', 'App\\Notifications\\ReportDeleted', 'App\\Models\\user', 201, '{\"data\":\" \\u06af\\u0632\\u0627\\u0631\\u0634 \\u062c\\u062f\\u06cc\\u062f\\u06cc \\u062a\\u0648\\u0633\\u0637 \\u0645\\u062f\\u06cc\\u0631 \\u062d\\u0630\\u0641 \\u0634\\u062f\",\"color\":\"text-red-500\"}', '2023-08-23 05:00:55', '2023-08-13 05:24:33', '2023-08-23 05:00:55'),
('b3eea10d-69f6-45b2-a912-843f2bd046be', 'App\\Notifications\\ReportDeleted', 'App\\Models\\user', 201, '{\"data\":\" \\u06af\\u0632\\u0627\\u0631\\u0634 \\u062c\\u062f\\u06cc\\u062f\\u06cc \\u062a\\u0648\\u0633\\u0637 \\u0645\\u062f\\u06cc\\u0631 \\u062d\\u0630\\u0641 \\u0634\\u062f\",\"color\":\"text-red-500\"}', '2023-08-23 05:01:08', '2023-08-13 05:24:21', '2023-08-23 05:01:08'),
('b9b5058c-c18d-4eab-ad81-47ff7c905826', 'App\\Notifications\\ReportEdited', 'App\\Models\\user', 2, '{\"data\":\" \\u06af\\u0632\\u0627\\u0631\\u0634 \\u062c\\u062f\\u06cc\\u062f\\u06cc \\u062a\\u0648\\u0633\\u0637 \\u0645\\u062f\\u06cc\\u0631 \\u0648\\u06cc\\u0631\\u0627\\u06cc\\u0634 \\u0634\\u062f\",\"color\":\"text-blue-500\",\"dataId\":43,\"route\":\"report.view.single\"}', NULL, '2023-08-27 14:57:13', '2023-08-27 14:57:13'),
('bd91f937-162e-43a8-b0db-c7bcbc66c064', 'App\\Notifications\\ReportEdited', 'App\\Models\\user', 2, '{\"data\":\" \\u06af\\u0632\\u0627\\u0631\\u0634 \\u062c\\u062f\\u06cc\\u062f\\u06cc \\u062a\\u0648\\u0633\\u0637 \\u0645\\u062f\\u06cc\\u0631 \\u0648\\u06cc\\u0631\\u0627\\u06cc\\u0634 \\u0634\\u062f\",\"color\":\"text-blue-500\",\"reportId\":33}', '2023-08-27 15:14:19', '2023-08-13 05:49:40', '2023-08-27 15:14:19'),
('bfb4591f-2861-4130-97e5-64bae4f6febc', 'App\\Notifications\\ReportDeleted', 'App\\Models\\user', 201, '{\"data\":\" \\u06af\\u0632\\u0627\\u0631\\u0634 \\u062c\\u062f\\u06cc\\u062f\\u06cc \\u062a\\u0648\\u0633\\u0637 \\u0645\\u062f\\u06cc\\u0631 \\u062d\\u0630\\u0641 \\u0634\\u062f\",\"color\":\"text-blue-500\"}', '2023-08-08 11:19:42', '2023-08-08 11:18:31', '2023-08-08 11:19:42'),
('c0c4d816-dc57-4148-91a9-af5abbbea107', 'App\\Notifications\\ReportAdded', 'App\\Models\\user', 2, '{\"data\":\" \\u06af\\u0632\\u0627\\u0631\\u0634 \\u062c\\u062f\\u06cc\\u062f\\u06cc \\u062a\\u0648\\u0633\\u0637 \\u0645\\u062f\\u06cc\\u0631 \\u0627\\u06cc\\u062c\\u0627\\u062f \\u0634\\u062f\",\"color\":\"text-green-500\",\"dataId\":38,\"route\":\"report.view.single\"}', '2023-08-23 05:54:01', '2023-08-23 05:53:49', '2023-08-23 05:54:01'),
('c18b00f9-8e9b-4c34-b6e4-b011bc4741ce', 'App\\Notifications\\ReportDeleted', 'App\\Models\\user', 201, '{\"data\":\" \\u06af\\u0632\\u0627\\u0631\\u0634 \\u062c\\u062f\\u06cc\\u062f\\u06cc \\u062a\\u0648\\u0633\\u0637 \\u0645\\u062f\\u06cc\\u0631 \\u062d\\u0630\\u0641 \\u0634\\u062f\",\"color\":\"text-red-500\"}', '2023-08-23 05:01:32', '2023-08-13 05:23:42', '2023-08-23 05:01:32'),
('c6587eb0-d6e1-4d10-8154-e95f9c981e21', 'App\\Notifications\\ReportAdded', 'App\\Models\\user', 2, '{\"data\":\" \\u06af\\u0632\\u0627\\u0631\\u0634 \\u062c\\u062f\\u06cc\\u062f\\u06cc \\u062a\\u0648\\u0633\\u0637 \\u0645\\u062f\\u06cc\\u0631 \\u0627\\u06cc\\u062c\\u0627\\u062f \\u0634\\u062f\",\"color\":\"text-green-500\",\"dataId\":37,\"route\":\"report.single\"}', '2023-08-23 05:45:13', '2023-08-23 05:39:41', '2023-08-23 05:45:13'),
('c6e2a8f2-374d-419a-84a2-fedd7fb980d4', 'App\\Notifications\\newReplyNotification', 'App\\Models\\user', 201, '{\"data\":\"\\u067e\\u06cc\\u0627\\u0645 \\u062c\\u062f\\u06cc\\u062f\\u06cc \\u062f\\u0627\\u0631\\u06cc\\u062f\",\"color\":\"text-orange-500\",\"route\":\"ticket.single\",\"dataId\":19}', '2023-08-23 06:07:15', '2023-08-23 06:07:04', '2023-08-23 06:07:15'),
('c9551d6e-2a2a-48db-8103-5d9207f16141', 'App\\Notifications\\ReportDeleted', 'App\\Models\\user', 201, '{\"data\":\" \\u06af\\u0632\\u0627\\u0631\\u0634 \\u062c\\u062f\\u06cc\\u062f\\u06cc \\u062a\\u0648\\u0633\\u0637 \\u0645\\u062f\\u06cc\\u0631 \\u062d\\u0630\\u0641 \\u0634\\u062f\",\"color\":\"text-red-500\"}', '2023-08-23 05:00:41', '2023-08-13 05:24:41', '2023-08-23 05:00:41'),
('cb08005a-7e34-4ada-9889-1cb0bed4fba9', 'App\\Notifications\\ReportAdded', 'App\\Models\\user', 2, '{\"data\":\" \\u06af\\u0632\\u0627\\u0631\\u0634 \\u062c\\u062f\\u06cc\\u062f\\u06cc \\u062a\\u0648\\u0633\\u0637 \\u0645\\u062f\\u06cc\\u0631 \\u0627\\u06cc\\u062c\\u0627\\u062f \\u0634\\u062f\",\"color\":\"text-green-500\",\"dataId\":36,\"route\":\"report.single\"}', '2023-08-23 05:50:20', '2023-08-23 05:38:55', '2023-08-23 05:50:20'),
('cf8933e8-5c2c-4a35-9994-b30e6fb68664', 'App\\Notifications\\ReportAdded', 'App\\Models\\user', 2, '{\"data\":\" \\u06af\\u0632\\u0627\\u0631\\u0634 \\u062c\\u062f\\u06cc\\u062f\\u06cc \\u062a\\u0648\\u0633\\u0637 \\u0645\\u062f\\u06cc\\u0631 \\u0627\\u06cc\\u062c\\u0627\\u062f \\u0634\\u062f\",\"color\":\"text-green-500\",\"dataId\":41,\"route\":\"report.view.single\"}', '2023-08-27 15:13:57', '2023-08-27 14:37:28', '2023-08-27 15:13:57'),
('d4797ef0-1e39-4dd4-9482-e7a215da98ea', 'App\\Notifications\\ReportEdited', 'App\\Models\\user', 2, '{\"data\":\" \\u06af\\u0632\\u0627\\u0631\\u0634 \\u062c\\u062f\\u06cc\\u062f\\u06cc \\u062a\\u0648\\u0633\\u0637 \\u0645\\u062f\\u06cc\\u0631 \\u0648\\u06cc\\u0631\\u0627\\u06cc\\u0634 \\u0634\\u062f\",\"color\":\"text-blue-500\",\"reportId\":33}', '2023-08-13 04:19:16', '2023-08-13 04:19:05', '2023-08-13 04:19:16'),
('d488429b-1dee-4f8d-9bc0-d9ae2746cf7c', 'App\\Notifications\\ReportEdited', 'App\\Models\\user', 3, '{\"data\":\" \\u06af\\u0632\\u0627\\u0631\\u0634 \\u062c\\u062f\\u06cc\\u062f\\u06cc \\u062a\\u0648\\u0633\\u0637 \\u0645\\u062f\\u06cc\\u0631 \\u0648\\u06cc\\u0631\\u0627\\u06cc\\u0634 \\u0634\\u062f\",\"color\":\"text-blue-500\",\"reportId\":31}', '2023-08-08 11:13:37', '2023-08-08 09:36:06', '2023-08-08 11:13:37'),
('db92baf8-0a5a-4883-b772-69edb75a08ce', 'App\\Notifications\\newReplyNotification', 'App\\Models\\user', 2, '{\"data\":\"\\u067e\\u06cc\\u0627\\u0645 \\u062c\\u062f\\u06cc\\u062f\\u06cc \\u062f\\u0627\\u0631\\u06cc\\u062f\",\"color\":\"text-orange-500\",\"route\":\"ticket.single\",\"dataId\":16}', '2023-08-23 06:05:17', '2023-08-23 06:05:04', '2023-08-23 06:05:17'),
('dc8f357b-1395-49dd-b69c-4ee024bb4fd8', 'App\\Notifications\\ReportEdited', 'App\\Models\\user', 2, '{\"data\":\" \\u06af\\u0632\\u0627\\u0631\\u0634 \\u062c\\u062f\\u06cc\\u062f\\u06cc \\u062a\\u0648\\u0633\\u0637 \\u0645\\u062f\\u06cc\\u0631 \\u0648\\u06cc\\u0631\\u0627\\u06cc\\u0634 \\u0634\\u062f\",\"color\":\"text-blue-500\",\"reportId\":33}', '2023-08-27 15:14:12', '2023-08-13 05:44:57', '2023-08-27 15:14:12'),
('e2f2e9ac-7368-4427-9a60-a56ad963dd7e', 'App\\Notifications\\ReportEdited', 'App\\Models\\user', 2, '{\"data\":\" \\u06af\\u0632\\u0627\\u0631\\u0634 \\u062c\\u062f\\u06cc\\u062f\\u06cc \\u062a\\u0648\\u0633\\u0637 \\u0645\\u062f\\u06cc\\u0631 \\u0648\\u06cc\\u0631\\u0627\\u06cc\\u0634 \\u0634\\u062f\",\"color\":\"text-blue-500\",\"reportId\":29}', '2023-08-13 05:26:57', '2023-08-13 05:23:26', '2023-08-13 05:26:57'),
('e4d87987-0720-4b41-9a40-c3b08b2b35ef', 'App\\Notifications\\ReportDeleted', 'App\\Models\\user', 201, '{\"data\":\" \\u06af\\u0632\\u0627\\u0631\\u0634 \\u062c\\u062f\\u06cc\\u062f\\u06cc \\u062a\\u0648\\u0633\\u0637 \\u0645\\u062f\\u06cc\\u0631 \\u062d\\u0630\\u0641 \\u0634\\u062f\",\"color\":\"text-red-500\"}', '2023-08-23 05:29:44', '2023-08-13 05:24:06', '2023-08-23 05:29:44'),
('e6421c6d-fc88-4889-88e3-938f6762498a', 'App\\Notifications\\newTicketNotification', 'App\\Models\\user', 201, '{\"data\":\"\\u062a\\u06cc\\u06a9\\u062a \\u062c\\u062f\\u06cc\\u062f\\u06cc \\u0628\\u0647 \\u062b\\u0628\\u062a \\u0631\\u0633\\u06cc\\u062f\",\"color\":\"text-blue-300\",\"route\":\"ticket.single\",\"dataId\":18}', '2023-08-23 05:32:33', '2023-08-23 05:31:51', '2023-08-23 05:32:33'),
('e643c9ff-bd32-44b8-b6c8-fbe3db451fac', 'App\\Notifications\\ReportDeleted', 'App\\Models\\user', 201, '{\"data\":\" \\u06af\\u0632\\u0627\\u0631\\u0634 \\u062c\\u062f\\u06cc\\u062f\\u06cc \\u062a\\u0648\\u0633\\u0637 \\u0645\\u062f\\u06cc\\u0631 \\u062d\\u0630\\u0641 \\u0634\\u062f\",\"color\":\"text-red-500\"}', '2023-08-23 05:00:48', '2023-08-13 05:24:37', '2023-08-23 05:00:48'),
('e89b65de-a231-4800-b3ed-7c06357bbc0d', 'App\\Notifications\\newReplyNotification', 'App\\Models\\user', 201, '{\"data\":\"\\u067e\\u06cc\\u0627\\u0645 \\u062c\\u062f\\u06cc\\u062f\\u06cc \\u062f\\u0627\\u0631\\u06cc\\u062f\",\"color\":\"text-orange-500\",\"route\":\"ticket.single\",\"dataId\":20}', '2023-08-28 02:49:23', '2023-08-27 15:14:34', '2023-08-28 02:49:23'),
('e8bf4452-3677-4ce5-a42c-97ee9d4e9b76', 'App\\Notifications\\ReportDeleted', 'App\\Models\\user', 201, '{\"data\":\" \\u06af\\u0632\\u0627\\u0631\\u0634 \\u062c\\u062f\\u06cc\\u062f\\u06cc \\u062a\\u0648\\u0633\\u0637 \\u0645\\u062f\\u06cc\\u0631 \\u062d\\u0630\\u0641 \\u0634\\u062f\",\"color\":\"text-red-500\"}', '2023-08-23 05:01:17', '2023-08-13 05:24:17', '2023-08-23 05:01:17'),
('ea45e1b1-fe78-4a02-a989-d20a0fc1a4c6', 'App\\Notifications\\ReportEdited', 'App\\Models\\user', 2, '{\"data\":\" \\u06af\\u0632\\u0627\\u0631\\u0634 \\u062c\\u062f\\u06cc\\u062f\\u06cc \\u062a\\u0648\\u0633\\u0637 \\u0645\\u062f\\u06cc\\u0631 \\u0648\\u06cc\\u0631\\u0627\\u06cc\\u0634 \\u0634\\u062f\",\"color\":\"text-blue-500\",\"dataId\":35,\"route\":\"report.single\"}', '2023-08-23 05:46:26', '2023-08-23 05:43:47', '2023-08-23 05:46:26'),
('ed126d3c-3924-40ca-a462-9bb66e67e3a6', 'App\\Notifications\\ReportEdited', 'App\\Models\\user', 2, '{\"data\":\" \\u06af\\u0632\\u0627\\u0631\\u0634 \\u062c\\u062f\\u06cc\\u062f\\u06cc \\u062a\\u0648\\u0633\\u0637 \\u0645\\u062f\\u06cc\\u0631 \\u0648\\u06cc\\u0631\\u0627\\u06cc\\u0634 \\u0634\\u062f\",\"color\":\"text-blue-500\",\"dataId\":43,\"route\":\"report.view.single\"}', '2023-08-27 15:11:40', '2023-08-27 15:06:06', '2023-08-27 15:11:40'),
('edbaf973-9fe8-483f-9c12-9e41611d3e1a', 'App\\Notifications\\ReportEdited', 'App\\Models\\user', 2, '{\"data\":\" \\u06af\\u0632\\u0627\\u0631\\u0634 \\u062c\\u062f\\u06cc\\u062f\\u06cc \\u062a\\u0648\\u0633\\u0637 \\u0645\\u062f\\u06cc\\u0631 \\u0648\\u06cc\\u0631\\u0627\\u06cc\\u0634 \\u0634\\u062f\",\"color\":\"text-blue-500\",\"dataId\":43,\"route\":\"report.view.single\"}', '2023-08-27 15:15:34', '2023-08-27 14:57:08', '2023-08-27 15:15:34'),
('ee3e6db4-b64e-43c3-b632-bf5dd4ce8550', 'App\\Notifications\\ReportDeleted', 'App\\Models\\user', 201, '{\"data\":\" \\u06af\\u0632\\u0627\\u0631\\u0634 \\u062c\\u062f\\u06cc\\u062f\\u06cc \\u062a\\u0648\\u0633\\u0637 \\u0645\\u062f\\u06cc\\u0631 \\u062d\\u0630\\u0641 \\u0634\\u062f\",\"color\":\"text-red-500\"}', '2023-08-23 05:00:19', '2023-08-13 05:24:54', '2023-08-23 05:00:19'),
('f4979142-b2e1-47a0-94f5-c374161c42e7', 'App\\Notifications\\ReportEdited', 'App\\Models\\user', 2, '{\"data\":\" \\u06af\\u0632\\u0627\\u0631\\u0634 \\u062c\\u062f\\u06cc\\u062f\\u06cc \\u062a\\u0648\\u0633\\u0637 \\u0645\\u062f\\u06cc\\u0631 \\u0648\\u06cc\\u0631\\u0627\\u06cc\\u0634 \\u0634\\u062f\",\"color\":\"text-blue-500\",\"dataId\":41,\"route\":\"report.view.single\"}', NULL, '2023-08-27 15:00:46', '2023-08-27 15:00:46'),
('fdbc5d35-bbda-4e87-bb36-aff4997302eb', 'App\\Notifications\\ReportDeleted', 'App\\Models\\user', 201, '{\"data\":\" \\u06af\\u0632\\u0627\\u0631\\u0634 \\u062c\\u062f\\u06cc\\u062f\\u06cc \\u062a\\u0648\\u0633\\u0637 \\u0645\\u062f\\u06cc\\u0631 \\u062d\\u0630\\u0641 \\u0634\\u062f\",\"color\":\"text-red-500\"}', '2023-08-23 05:01:36', '2023-08-13 05:23:47', '2023-08-23 05:01:36');

-- --------------------------------------------------------

--
-- Table structure for table `replies`
--

CREATE TABLE `replies` (
  `id` bigint UNSIGNED NOT NULL,
  `ticketId` bigint NOT NULL,
  `message` text COLLATE utf8mb4_unicode_ci NOT NULL,
  `userId` bigint NOT NULL,
  `created_at` timestamp NULL DEFAULT NULL,
  `updated_at` timestamp NULL DEFAULT NULL,
  `adminAnswer` tinyint(1) NOT NULL DEFAULT '0'
) ENGINE=InnoDB DEFAULT CHARSET=utf8mb4 COLLATE=utf8mb4_unicode_ci;

--
-- Dumping data for table `replies`
--

INSERT INTO `replies` (`id`, `ticketId`, `message`, `userId`, `created_at`, `updated_at`, `adminAnswer`) VALUES
(1, 3, 'جواب  ررررررررررررررررررررررررررررمدیر', 201, NULL, NULL, 1),
(2, 1, 'جواب کاربر', 3, NULL, NULL, 0),
(3, 1, 'جواب دوم کاربر که شامل کاراکتر ...', 3, '2023-08-22 09:35:46', '2023-08-22 09:35:46', 0),
(4, 1, 'جواب  ررررررررررررررررررررررررررررمدیر', 201, NULL, NULL, 1),
(5, 1, 'جواب دوم کاربر که شامل کاراکتر ...', 3, '2023-08-22 09:35:46', '2023-08-22 09:35:46', 0),
(6, 1, 'جواب  ررررررررررررررررررررررررررررمدیر', 201, NULL, NULL, 1),
(7, 3, 'جواب دوم کاربر که شامل کاراکتر ...', 3, '2023-08-22 09:35:46', '2023-08-22 09:35:46', 0),
(8, 3, 'سلام', 201, '2023-08-22 10:48:21', '2023-08-22 10:48:21', 1),
(11, 12, 'پیام مشتری دوباره', 1, '2023-08-22 11:09:26', '2023-08-22 11:09:26', 0),
(12, 12, 'پیام مدیر', 201, '2023-08-22 11:09:59', '2023-08-22 11:09:59', 1),
(13, 19, 'جواب مدیر', 201, '2023-08-23 06:01:48', '2023-08-23 06:01:48', 1),
(14, 19, 'جواب مدیر', 201, '2023-08-23 06:02:16', '2023-08-23 06:02:16', 1),
(15, 19, 'جواب مدیر', 201, '2023-08-23 06:02:38', '2023-08-23 06:02:38', 1),
(16, 19, 'جواب مدیر', 201, '2023-08-23 06:05:04', '2023-08-23 06:05:04', 1),
(17, 19, 'جواب ۲', 201, '2023-08-23 06:05:43', '2023-08-23 06:05:43', 1),
(18, 19, 'جواب ۳', 201, '2023-08-23 06:06:44', '2023-08-23 06:06:44', 1),
(19, 19, 'جواب مشتری', 2, '2023-08-23 06:07:04', '2023-08-23 06:07:04', 0),
(20, 17, 'تست کاربر', 2, '2023-08-27 15:14:34', '2023-08-27 15:14:34', 0);

-- --------------------------------------------------------

--
-- Table structure for table `reports`
--

CREATE TABLE `reports` (
  `id` bigint UNSIGNED NOT NULL,
  `userId` bigint NOT NULL,
  `agentId` text CHARACTER SET utf8mb4 COLLATE utf8mb4_persian_ci NOT NULL,
  `message` json NOT NULL,
  `call` json NOT NULL,
  `contribution` tinyint(1) NOT NULL,
  `sendContractDate` text CHARACTER SET utf16 COLLATE utf16_persian_ci,
  `receivedEvidencesDate` text CHARACTER SET utf8mb4 COLLATE utf8mb4_unicode_ci,
  `sendReportClientDate` text CHARACTER SET utf8mb4 COLLATE utf8mb4_unicode_ci,
  `sendReportTaxDate` text CHARACTER SET utf8mb4 COLLATE utf8mb4_unicode_ci,
  `month` text COLLATE utf8mb4_unicode_ci NOT NULL,
  `year` text COLLATE utf8mb4_unicode_ci NOT NULL,
  `created_at` timestamp NULL DEFAULT NULL,
  `updated_at` timestamp NULL DEFAULT NULL,
  `knowledgeBase` text CHARACTER SET utf8mb4 COLLATE utf8mb4_unicode_ci,
  `revenueTax` double(18,2) DEFAULT NULL,
  `salaryTax` double(18,2) DEFAULT NULL,
  `taklifiTax` double(18,2) DEFAULT NULL,
  `rentTax` double(18,2) DEFAULT NULL,
  `valueAddedTax` double(18,2) DEFAULT NULL,
  `moreTax` double(18,2) DEFAULT NULL
) ENGINE=InnoDB DEFAULT CHARSET=utf8mb4 COLLATE=utf8mb4_unicode_ci;

--
-- Dumping data for table `reports`
--

INSERT INTO `reports` (`id`, `userId`, `agentId`, `message`, `call`, `contribution`, `sendContractDate`, `receivedEvidencesDate`, `sendReportClientDate`, `sendReportTaxDate`, `month`, `year`, `created_at`, `updated_at`, `knowledgeBase`, `revenueTax`, `salaryTax`, `taklifiTax`, `rentTax`, `valueAddedTax`, `moreTax`) VALUES
(44, 1, 'متین', '{\"message1\": \"دوشنبه ۶ شهریور ۱۴۰۲\", \"message2\": \"دوشنبه ۶ شهریور ۱۴۰۲\", \"message3\": \"دوشنبه ۶ شهریور ۱۴۰۲\"}', '{\"call1\": \"دوشنبه ۶ شهریور ۱۴۰۲\", \"call2\": \"دوشنبه ۶ شهریور ۱۴۰۲\", \"call3\": \"دوشنبه ۶ شهریور ۱۴۰۲\"}', 1, 'دوشنبه ۶ شهریور ۱۴۰۲', 'دوشنبه ۶ شهریور ۱۴۰۲', 'دوشنبه ۶ شهریور ۱۴۰۲', 'دوشنبه ۶ شهریور ۱۴۰۲', '6', '1402', '2023-08-28 02:44:32', '2023-08-28 02:44:32', '1', 10000000000000.00, 10000000000000.00, 10000000000000.00, 10000000000000.00, 10000000000000.00, 10000000000000.00),
(45, 4, 'متین', '{\"message1\": \"دوشنبه ۶ شهریور ۱۴۰۲\", \"message2\": \"دوشنبه ۶ شهریور ۱۴۰۲\", \"message3\": \"دوشنبه ۶ شهریور ۱۴۰۲\"}', '{\"call1\": \"دوشنبه ۶ شهریور ۱۴۰۲\", \"call2\": \"دوشنبه ۶ شهریور ۱۴۰۲\", \"call3\": \"دوشنبه ۶ شهریور ۱۴۰۲\"}', 1, 'دوشنبه ۶ شهریور ۱۴۰۲', 'دوشنبه ۶ شهریور ۱۴۰۲', 'دوشنبه ۶ شهریور ۱۴۰۲', 'دوشنبه ۶ شهریور ۱۴۰۲', '6', '1402', '2023-08-28 02:46:11', '2023-08-28 02:46:11', '1', 100000000000000.00, 10000000000000.00, 10000000000000.00, 10000000000000.00, 10000000000000.00, 10000000000000.00);

-- --------------------------------------------------------

--
-- Table structure for table `tickets`
--

CREATE TABLE `tickets` (
  `id` bigint UNSIGNED NOT NULL,
  `title` text COLLATE utf8mb4_unicode_ci NOT NULL,
  `body` text COLLATE utf8mb4_unicode_ci NOT NULL,
  `isOpen` tinyint(1) NOT NULL,
  `userId` bigint NOT NULL,
  `created_at` timestamp NULL DEFAULT NULL,
  `updated_at` timestamp NULL DEFAULT NULL
) ENGINE=InnoDB DEFAULT CHARSET=utf8mb4 COLLATE=utf8mb4_unicode_ci;

--
-- Dumping data for table `tickets`
--

INSERT INTO `tickets` (`id`, `title`, `body`, `isOpen`, `userId`, `created_at`, `updated_at`) VALUES
(1, 'درخواست بازبینی', 'بدنه تیکت بنا به درخواست هیات مدیره شرکت ۳ اینجانب به شما اطلاع میدهم که ', 1, 201, '2023-08-22 07:29:43', '2023-08-22 07:29:43'),
(2, 'درخواست بازبینی', 'بدنه تیکت بنا به درخواست هیات مدیره شرکت ۳ اینجانب به شما اطلاع میدهم که ', 1, 201, '2023-08-22 07:29:43', '2023-08-22 07:29:43'),
(3, 'درخواست بازبینی', 'بدنه تیکت بنا به درخواست هیات مدیره شرکت ۳ اینجانب به شما اطلاع میدهم که ', 1, 201, '2023-08-22 07:29:43', '2023-08-22 07:29:43'),
(4, 'درخواست بازبینی', 'بدنه تیکت بنا به درخواست هیات مدیره شرکت ۳ اینجانب به شما اطلاع میدهم که ', 1, 201, '2023-08-22 07:29:43', '2023-08-22 07:29:43'),
(5, 'درخواست بازبینی', 'بدنه تیکت بنا به درخواست هیات مدیره شرکت ۳ اینجانب به شما اطلاع میدهم که ', 1, 201, '2023-08-22 07:29:43', '2023-08-22 07:29:43'),
(6, 'درخواست بازبینی', 'بدنه تیکت بنا به درخواست هیات مدیره شرکت ۳ اینجانب به شما اطلاع میدهم که ', 1, 201, '2023-08-22 07:29:43', '2023-08-22 07:29:43'),
(7, 'درخواست بازبینی', 'بدنه تیکت بنا به درخواست هیات مدیره شرکت ۳ اینجانب به شما اطلاع میدهم که ', 1, 201, '2023-08-22 07:29:43', '2023-08-22 07:29:43'),
(8, 'درخواست بازبینی', 'بدنه تیکت بنا به درخواست هیات مدیره شرکت ۳ اینجانب به شما اطلاع میدهم که ', 1, 201, '2023-08-22 07:29:43', '2023-08-22 07:29:43'),
(9, 'درخواست بازبینی', 'بدنه تیکت بنا به درخواست هیات مدیره شرکت ۳ اینجانب به شما اطلاع میدهم که ', 1, 201, '2023-08-22 07:29:43', '2023-08-22 07:29:43'),
(10, 'درخواست بازبینی', 'بدنه تیکت بنا به درخواست هیات مدیره شرکت ۳ اینجانب به شما اطلاع میدهم که ', 1, 201, '2023-08-22 07:29:43', '2023-08-22 07:29:43'),
(11, 'درخواست بازبینی', 'بدنه تیکت بنا به درخواست هیات مدیره شرکت ۳ اینجانب به شما اطلاع میدهم که ', 1, 201, '2023-08-22 07:29:43', '2023-08-22 07:29:43'),
(12, 'تیکت جدید', 'متن درخواست تیکت جدید\r\nبه عنوان تیکت اول از شرکت بهینه سازان ملل درخواست میگردد پاسخ دهید', 1, 1, '2023-08-22 10:54:22', '2023-08-22 10:54:22'),
(13, 'تیکت تست', 'تیکت تست ۱', 1, 201, '2023-08-23 04:45:56', '2023-08-23 04:45:56'),
(14, 'تیکت تست', 'تیکت تست ۱', 1, 201, '2023-08-23 04:46:30', '2023-08-23 04:46:30'),
(15, 'تست', 'تست', 1, 201, '2023-08-23 04:49:14', '2023-08-23 04:49:14'),
(16, 'تست ۳', 'تست ۳', 1, 201, '2023-08-23 04:52:03', '2023-08-23 04:52:03'),
(17, 'تست ۴', 'تست ۴', 1, 201, '2023-08-23 05:27:50', '2023-08-23 05:27:50'),
(18, 'تست ۵', 'تست ۵', 1, 201, '2023-08-23 05:31:51', '2023-08-23 05:31:51'),
(19, 'تست ۶', 'تست ۶', 1, 201, '2023-08-23 05:42:19', '2023-08-23 05:42:19'),
(20, 'تیکت مشتری', 'تیکت مشتری', 1, 2, '2023-08-23 05:55:11', '2023-08-23 05:55:11');

-- --------------------------------------------------------

--
-- Table structure for table `users`
--

CREATE TABLE `users` (
  `id` bigint UNSIGNED NOT NULL,
  `name` varchar(255) COLLATE utf8mb4_unicode_ci NOT NULL,
  `isAdmin` tinyint(1) NOT NULL,
  `phone` varchar(255) COLLATE utf8mb4_unicode_ci DEFAULT NULL,
  `address` varchar(255) COLLATE utf8mb4_unicode_ci DEFAULT NULL,
  `iconPath` varchar(255) COLLATE utf8mb4_unicode_ci DEFAULT NULL,
  `email` varchar(255) COLLATE utf8mb4_unicode_ci NOT NULL,
  `city` varchar(255) COLLATE utf8mb4_unicode_ci NOT NULL,
  `description` varchar(255) COLLATE utf8mb4_unicode_ci DEFAULT NULL,
  `email_verified_at` timestamp NULL DEFAULT NULL,
  `password` varchar(255) COLLATE utf8mb4_unicode_ci NOT NULL,
  `remember_token` varchar(100) COLLATE utf8mb4_unicode_ci DEFAULT NULL,
  `created_at` timestamp NULL DEFAULT NULL,
  `updated_at` timestamp NULL DEFAULT NULL
) ENGINE=InnoDB DEFAULT CHARSET=utf8mb4 COLLATE=utf8mb4_unicode_ci;

--
-- Dumping data for table `users`
--

INSERT INTO `users` (`id`, `name`, `isAdmin`, `phone`, `address`, `iconPath`, `email`, `city`, `description`, `email_verified_at`, `password`, `remember_token`, `created_at`, `updated_at`) VALUES
(1, '1', 0, '09123795360', '4x2ePMknZI', NULL, 'aDB6yDisTJ@gmail.com', 'lGZhd', 'WDB4mUg9WV', NULL, '$2y$10$x.bbMWlLKVWDpjjWJigD9.eIQgYdK9m6QGT5GBa7iqDga6V.L7eRa', NULL, NULL, NULL),
(2, '2', 0, 'ندارد', 'ندارد', NULL, 'tax272@bina-tadbir.com', 'تهران', 'ندارد', NULL, '$2y$10$7/tJmJdU8LKxZL8ISoWOPO.BcWlPL6wAiNxHdIhDU2tcoz5JtfnLq', NULL, NULL, NULL),
(3, '3', 0, '09194077362', 'bbbbbbbbbbbbbbbbbbbbbbbbbbb', NULL, 'matinnasirlahijani@gmail.com', 'تهران', 'bfvvvvvvvvvvvvvvvvvv', NULL, '$2y$10$q1qNI7sQaf1WOqbPdfrcPePM9O.v0vE1eGpgtlfRY.ww9AjqVvJcO', NULL, NULL, NULL),
(4, '4', 0, '0Ap0Vg4NUX', '8L4bwrwf0P', NULL, 'RWUCEunZaU@gmail.com', 'aizmE', 'DdBrpWRZJR', NULL, '$2y$10$PoOw6G1F720XbmuWKVTZWONXrA/oup8nLwS2sOkgfVzmTB1ml7Aby', NULL, NULL, NULL),
(5, '5', 0, '8CM6xhug0P', 'IMqNKhTh93', NULL, 'IJRLFfWmrz@gmail.com', 'tmShV', 'jbVoaFyCdK', NULL, '$2y$10$RLuAOoWDoxS/AkE8CXBu9uSTwJzXzE3NkF/2rvqbNmb4IcTs042H.', NULL, NULL, NULL),
(6, '6', 0, 'ncEb1kmKqC', 'sfmeWQ4WyY', NULL, 'vp1s7MTkAN@gmail.com', 'wyAw3', 'T9VMSdJihu', NULL, '$2y$10$HO252zXbpcrP90ZpDWdnhe6Vgb5mdfcSAUIbbuP4hGVuoyLVwyV/e', NULL, NULL, NULL),
(7, '7', 0, 'XXCg65IIVH', 'BfmTZfpTrk', NULL, 'IzHW3UWuGE@gmail.com', 'xgM1L', 'mBDJ9kl1at', NULL, '$2y$10$momT2k/32Bd5mWg6uKnjJu1JmSxCBbFOtI8YNa/YTTsXiZoYdgBPG', NULL, NULL, NULL),
(8, '8', 0, '5sgwWiwjtD', 'iHTCJJZAAo', NULL, 'Pp4qKdbwKo@gmail.com', 'nU0Lp', 'xRlp51mMUu', NULL, '$2y$10$FEhbOy2ye59ac2MwyBa6XeHu2jcEkLN7Djk6zDu08udoEKwkSgQzS', NULL, NULL, NULL),
(9, '9', 0, '3q8VQUCId3', 'PMh3wH7l8W', NULL, 'Btem5qbBbI@gmail.com', 'ABoNP', 'qWM3a39YJq', NULL, '$2y$10$89XFCkRc.T7eDkG7ALk82urMYxvhtoQKdP9YljKijWFu0wiGEFD2e', NULL, NULL, NULL),
(10, '10', 0, 'JkVpN5nHlN', 'xxHkMS1GB1', NULL, 'z2zFLQV894@gmail.com', 'BGuZ7', 'nBCpIrc81o', NULL, '$2y$10$zkaWofggXDVVlfXB5ti0UeNAIRSjtw5WNQdmjaSSBD8fLoMT.Xo0.', NULL, NULL, NULL),
(11, '11', 0, '2NulK2i7x8', '7D3QQRLDaJ', NULL, 'ML2d9VJvVL@gmail.com', '5L38X', 'K3RTT7oqw5', NULL, '$2y$10$yDqQDfOonuLufDfuK2EpnOrz40VM85gpMF2vn0bP67iHzbUrM/yiC', NULL, NULL, NULL),
(12, '12', 0, 'wD8y6zhHqj', 'PTDm6YXCzv', NULL, '4n473eo7B8@gmail.com', '7gP6J', 'vVKuYKayxq', NULL, '$2y$10$H8iL21qPq5bC3W9KjH3cAOkUT3kMbOm3k07vMy.hpj.3sBw.AKiWa', NULL, NULL, NULL),
(13, '13', 0, 'xJ3E0IyRw6', 'Y0xdxlUJ2B', NULL, 'Z3IULOavQY@gmail.com', 'cpivE', 'R7Yo8tiXUL', NULL, '$2y$10$6S.tG1rK1VWw1KL/YY6VNeLJCFOv72nJuY8X.dM3ezdz1sQVBx/8S', NULL, NULL, NULL),
(14, '14', 0, 'hHytWgnESb', 'XijIqMysHG', NULL, '8O0CrW88qe@gmail.com', 'WdKn4', 'Jor6c6pOnu', NULL, '$2y$10$Cxr2BHR0VX8AEiUGHjuZPuWh5kymF.bk1k67n9K4RsxH.fjXDY/Oy', NULL, NULL, NULL),
(15, '15', 0, '3KQKgRrreg', 'wsZ8wbhDG7', NULL, 'Wi4A7flDM3@gmail.com', '6VBvr', 'qAlTvX0c9D', NULL, '$2y$10$tZoDVGzhk9Y4C46ZFmH1GuB6/wvoFmBZfrKvU3n7/susPwHPX8qHy', NULL, NULL, NULL),
(16, '16', 0, 'RYFvluS7Cn', '9zcb0qcPYH', NULL, '5rwMWuKSUK@gmail.com', 'Hn4mu', 'TmfY8PhXyk', NULL, '$2y$10$hIZNTdkvlSWXhogDeMWlNerzo8c8eXI4qLOj0XRLHVICpc5sD0Km6', NULL, NULL, NULL),
(17, '17', 0, 'cLwa0yn9Ry', 'WBiDOvC6PM', NULL, 'KlNDvTN3RI@gmail.com', 'QyCt4', 'apMRVTOuuu', NULL, '$2y$10$VuCKikk77vUvy2Ni9gHqU.FvikU8NnWAqFYXxUUtvdGkl4QElbwTe', NULL, NULL, NULL),
(18, '18', 0, 'jkX2WqxIhs', 'FZf4hh7EMn', NULL, 'QlzpL5Qw7c@gmail.com', 'BdNmF', '60WqN08RJv', NULL, '$2y$10$PzrcB8BbtpQNSBc8V.dLc.yXwCGiPYJ/M2TPpKihwTr9UGGMQuQNe', NULL, NULL, NULL),
(19, '19', 0, 'UzgPLTa3Cg', 'q4Yq4tsmIX', NULL, 'm7VPXrLisy@gmail.com', '0lyvS', 'SlNmDsF59N', NULL, '$2y$10$KOfFz4eYf2ywSmWuqaBKKusOafgRgTK/MvnCCkkE9gxkUBwWqFHhe', NULL, NULL, NULL),
(20, '20', 0, 'wUjzNMTYzH', 'PpRPevBkGp', NULL, 'pj9YAUO4DA@gmail.com', 'fYJ7l', 'kNiiVLkwTB', NULL, '$2y$10$VTetIrjDqYxT7B86jN7Gxe4TxnO6.BEPOnO4NA9P9.XmReHvW56ii', NULL, NULL, NULL),
(21, '21', 0, 'CTsu5WJUTh', 'EH0vvSpJcf', NULL, '4wDrGIBgwY@gmail.com', 'eBeKJ', 'htGkdFJgZ6', NULL, '$2y$10$LBFsmklJHvk/PGM7QzCUleMTu2SN4/sIljll7x.XbzZlwpzCt35nS', NULL, NULL, NULL),
(22, '22', 0, 'HtdKIfPzKo', 'yDZY84I4XN', NULL, '8ZoF75owyG@gmail.com', 'nCAs1', 'WWI7zDqd5W', NULL, '$2y$10$KZFVIYRQK6NJUqAAEy3ehugfB9PexhdOYIQC64S2STTIunp9QasFK', NULL, NULL, NULL),
(23, '23', 0, 'UJvqR44LHa', 'CdYWJ6hnOJ', NULL, 'Rwrv69ECgr@gmail.com', 'CmWRV', 'NspoEaxvb7', NULL, '$2y$10$yl1I0b0JJU3aes1Myyz9VuDhb.V0wplU0j5nUayzPAALG69R9FQRG', NULL, NULL, NULL),
(24, '24', 0, 'b0OftNMB52', '1TdbS6tQeI', NULL, 'oJukDdOIuE@gmail.com', '6O184', 'jvBcwa0HVc', NULL, '$2y$10$bGzTMtkbwqBu2nlGux2UFOaomMy8r0W9qS2w3XiL4Rys.KGXhzkkS', NULL, NULL, NULL),
(25, '25', 0, 'oUyLF95LPW', 'vSeLuzXhPm', NULL, 'CxBB2NgRTD@gmail.com', '3jinm', 'WLmgiJhSXP', NULL, '$2y$10$xY.LntulCg4ZhZ2ufK5oQ.pCHUt7smdl9BCjRTojXpSILArGPgPJy', NULL, NULL, NULL),
(26, '26', 0, 'IR9eyKteZE', 'cuUz4lyPN7', NULL, 'ixwEhMImVL@gmail.com', 'NCv0j', 'rK1iKrG78y', NULL, '$2y$10$phgj8lcrmt7myHOwzvMpkeuU0kB8sl3ybK8Vmm3osa2AvJPhTia7S', NULL, NULL, NULL),
(27, '27', 0, 'wo5NeNSlKO', 'VSnULIQhev', NULL, 'ka9ajzQqjz@gmail.com', '6At76', '4Zc7q17rMc', NULL, '$2y$10$IBIx9gBuUHAJi1.dtixqQ.zLu6UBByH/LYXDBZ9P1uqQs6h2WBtZy', NULL, NULL, NULL),
(28, '28', 0, '4Q5v6dUQFS', '8km8agATnJ', NULL, 'SZKPVLqv8S@gmail.com', 'yz74W', '3c4bZkDm94', NULL, '$2y$10$WYcz0b9dgi7yASiKHz3F9eEatK5nxan8a8DynddFehzI1PCzbBoZu', NULL, NULL, NULL),
(29, '29', 0, '81C2o8PylB', 'unm1ddh5Jv', NULL, 'ov6UhWPOj0@gmail.com', 'cfUFq', 'b69DlsJSR6', NULL, '$2y$10$scjre5kATQ0/zMKYKCAC7Ol56AawqQUAzm33j6QYLOZohO9KAI.wC', NULL, NULL, NULL),
(30, '30', 0, '1uV847DWaR', '37CIxGb6dK', NULL, 'uRplu4Cuwd@gmail.com', '9tOl0', 'xjiLxAgS5u', NULL, '$2y$10$FTubOafsdJkVBZ7GqzH/rOSCXa7C2NnIHjZVwxsav41fU2YWyXI.S', NULL, NULL, NULL),
(31, '31', 0, 'PC8aQwytkt', 'Mu43V8Y40F', NULL, 'JYxpUgHCtn@gmail.com', 'cWWh8', 'AP09CECbYU', NULL, '$2y$10$DLRGTa.Vns.b3OpJfKAy5umMLhho2xKjC1coTFx1./edyOSiXWLRK', NULL, NULL, NULL),
(32, '32', 0, 'AZaVkJ6SOj', 'NrMRoAZVeK', NULL, 'wsJKoBX7lK@gmail.com', 'F1SFd', '2f9AsjDsMd', NULL, '$2y$10$/XkBCdycYluM2T/mlgzIGevCq3P3dci6ZQqbHARqv9rhlAyesjGs2', NULL, NULL, NULL),
(33, '33', 0, 'FkiVDvIBjp', 'efUoALWmbc', NULL, 'BSmXCmARH1@gmail.com', 'FVYst', 'K5tXUj5xcM', NULL, '$2y$10$K2edj6roy.SiZ1QFn.D8ieqADJU492NUK47efHTA9TXrvG9XCCFMS', NULL, NULL, NULL),
(34, '34', 0, '41YML4CN60', 'mbF4mMMFa8', NULL, 'GyCjUYvsNx@gmail.com', 'qH4S3', 'sViMybrnIl', NULL, '$2y$10$JNiVEGVjWMnzuGdXKo3c0eJfiCwO5BM30tJXZJnTQNkbEBh4LIu02', NULL, NULL, NULL),
(35, '35', 0, 'A44agHfXpM', 'xZYuOtMory', NULL, 'NRN9g3IF4I@gmail.com', 'VStQx', 'mdCVJ3nLT9', NULL, '$2y$10$iytKKKDUz9hC29WJZ2qIpudwyfX4gF1itVzlFae7rTdvRMnjaKEIK', NULL, NULL, NULL),
(36, '36', 0, '0m3RyFlBjN', 'XbtOPoXv2t', NULL, '391pYKHAIb@gmail.com', 'Q29uW', '7Tbbw3dzUD', NULL, '$2y$10$k9LyzfY6uE3LDCnLmG3W/OUDem2ZUKtYp.AscJcsvCKsirohVl.Wa', NULL, NULL, NULL),
(37, '37', 0, 'MOcPQ34HIA', '1gsOw3F4Ml', NULL, 'udDNNvIzR3@gmail.com', 'Kp5qr', 'EbZtdCJJIW', NULL, '$2y$10$pceGIfHs1wESd9IxDlNL3e.LS8XdTi/SP/HSBs8Yoq9qjBKrHGCTe', NULL, NULL, NULL),
(38, '38', 0, 'OEvscwsXRL', 'FDzcB8oXeV', NULL, 'FAQJMTonX8@gmail.com', 'SWmNS', 'mCGEy1aFWJ', NULL, '$2y$10$azr7l5dWz.D.5npaK/hI8eNb3K/cWbeVDBji.OL3VnBzCSfD17L8m', NULL, NULL, NULL),
(39, '39', 0, 'CFz9iVJ8Zh', 'uIKCTrxaZc', NULL, 'l9SC6sYCOY@gmail.com', 'PEtAV', 'HUGkqOZA0A', NULL, '$2y$10$k357yBk3Zsbf7PnnNCySIeOj6cHlaI6v7YzpuOeVqNs1NL8Wzf3B.', NULL, NULL, NULL),
(40, '40', 0, '75ZmVxTr86', 'M5OdgYlM3o', NULL, 'UHBejCD7qr@gmail.com', 'J3DT3', 'Y6KIfCISlN', NULL, '$2y$10$C0TMdwapLE.UCbsQ0HYdke2OXuFHtxc1.lXK1miG/usnT.P1V8Hai', NULL, NULL, NULL),
(41, '41', 0, 'tCdmwORjqV', 'pB5fOSMV2q', NULL, 'gpd5AocaIe@gmail.com', 'U954K', 'hIfsTuB9HU', NULL, '$2y$10$ZFYf2.iSOw8UxMNUFIBZAu2hWRc9N7YuVTN8vu/v7GWf21kxnMLwe', NULL, NULL, NULL),
(42, '42', 0, '3GuxtQMXyT', 'tWvQisrUoZ', NULL, 'vkMhZVvVUR@gmail.com', 'nOF1T', 'kByVTEAUvB', NULL, '$2y$10$mVBeJ8W6pw8Nj4KBRv32g.7EV8HEOgoy7D952T8ue.Pg.ZblymYRW', NULL, NULL, NULL),
(43, '43', 0, 'cC6htN18iO', '6tIzfAby4M', NULL, 'aIWQZIFr7z@gmail.com', '6WV43', 'SxdQe9Syor', NULL, '$2y$10$NEsiFB1fZZFdQQEGbHDOQ.hSc2YkpugGB/F//HudP7RdtQ5wCDH7i', NULL, NULL, NULL),
(44, '44', 0, 'skkUL5snz5', 'sRuoD7GIes', NULL, '2tdroIOXbL@gmail.com', '0TOaX', 'tubCD0cdWX', NULL, '$2y$10$YrJ/DGVDoEk2xLuwtRPQoeiRakwWKwcw2k6fuYvlwSKQLavd7GbJi', NULL, NULL, NULL),
(45, '45', 0, '22AGCxyDTz', 'XvG6GD7FHo', NULL, 'wajX9tSxoA@gmail.com', 'VkUx0', 'LHt3ZJuJOd', NULL, '$2y$10$WzrxEDlhKJP3D97HWMK42eztWdow2kBtp3dkpLCQIxV5b.hXoXvEq', NULL, NULL, NULL),
(46, '46', 0, 'y13U1Kbkhm', 's7wX1muvam', NULL, 'jQSv4tHNqc@gmail.com', 'ofoGx', 'C4bFx5dYCv', NULL, '$2y$10$PQu5YXyiN77yIEi9/6kWuuxEDgxH.yBfGCQYV7GsH9RHHMOLX/cJm', NULL, NULL, NULL),
(47, '47', 0, 'REd2egmIRP', 'up9xKbBnoo', NULL, 'b2kqN5iBVO@gmail.com', 'e4dMd', 'rd4kgWHick', NULL, '$2y$10$oMJzSdjICLLYpkAQYknJI.WdFtMVK0oRClGsvN8yQ3Vdmvq9b1N36', NULL, NULL, NULL),
(48, '48', 0, 'VnuI49OVFv', 'u7D3iwPBFB', NULL, 'fpgseZuYHa@gmail.com', 'xNfWx', 'LoOnOEnpZv', NULL, '$2y$10$16ukRHK0suEUbi2.eOHrNurL/b/ibdKMPgsjl7jKq9IfSPWVSg4Mq', NULL, NULL, NULL),
(49, '49', 0, 'SVoMgzxvSP', 'lJqTsuNqu2', NULL, 'NA2n3dvY42@gmail.com', 'KWj1e', 'FNI02nnjYM', NULL, '$2y$10$Wli2PkvWVu6ONcAbmXpnBuk9qjvSTtyk3ERa4JvYrSFihsF05s93m', NULL, NULL, NULL),
(50, '50', 0, 'fKnaqh5lF3', '0Xb8iBtM4B', NULL, 'MB0NOJFYx6@gmail.com', 'pihRb', '0K64N9WnRX', NULL, '$2y$10$XlQL83VZVQqIZioHIOsV7.Y0iM5m9mVWRl.Eeo4GLsrWD6jEtG7r2', NULL, NULL, NULL),
(51, '51', 0, '2V84C7NbYZ', 'WpDaoZIAyG', NULL, 'bw7ebRGC5P@gmail.com', '37G3A', 'Pf2lEmX3w1', NULL, '$2y$10$R/B4/ylXOd3W1zhYJe2touaHR4DcsWCCmQ6ixvee8RN8T7HADwSe6', NULL, NULL, NULL),
(52, '52', 0, 'HPRiiHCKNT', '4u5ilm1wFF', NULL, 'TANbHK63Vy@gmail.com', 'UJXng', 'Qzi86yMhxz', NULL, '$2y$10$8Pjb4r2Lb7dE8PufcA0f0uaMt4a5PD1zgSXt/vXK4IPkn5ajVsJXe', NULL, NULL, NULL),
(53, '53', 0, 'z7RZDFHcFU', 'BdmXfJ2B7b', NULL, 'gHZtrvRFyy@gmail.com', '7Mvgl', 'IdE1UXoy0V', NULL, '$2y$10$VijK66Mcz34earPrVbgiWuCy9DkJVBzmqzE/jGLASn0JwlUz.DeNS', NULL, NULL, NULL),
(54, '54', 0, 'xKu9WiEPT2', 'BmrE1vpwkb', NULL, 'LsODD4fnfN@gmail.com', 'sU8ba', 'pWkpkr046k', NULL, '$2y$10$FpbJ4QB9l6F/wubTiwY5aujRfntfv4wm4rt8D4CLznXum533SbMU6', NULL, NULL, NULL),
(55, '55', 0, 'YoCfm3Gm9X', 'gwyQaOPnN1', NULL, 'peNn0zqwdZ@gmail.com', 'u2QKq', 'BbqOjP4vct', NULL, '$2y$10$6/6Q7Bdb0MdwCto747FAHOf16lRY5cvV0mpXNajh49HBF5OlAeHyy', NULL, NULL, NULL),
(56, '56', 0, 'dR3iHtH6GQ', 'atOO7Cjqk4', NULL, '0pV3nddPlu@gmail.com', 'jjL1j', 'doZYai8OlS', NULL, '$2y$10$yUybq.K2q5A57//wfNtMB.0eMg3pqZHiWUDtYMei4eIgxebvVO1s.', NULL, NULL, NULL),
(57, '57', 0, 'o7R3kOfeLQ', 'zcYB8qaSSs', NULL, 'InwQCp3g7w@gmail.com', 'O2wJd', 'KJ4wMEpX8g', NULL, '$2y$10$9bain.bMo/wXR085uU0/fuzt8cyr78.pK.R1n4IAL2avS/Gy1f2kS', NULL, NULL, NULL),
(58, '58', 0, 'gIX3bJkYCW', 'nWJha13bGD', NULL, 'iFM985f9hd@gmail.com', 'SkRhr', 'QxJERZKkga', NULL, '$2y$10$yDeuaeewiI9Cp4XzMogVduRjC9wQhFkrni1s.Ss1Jbgi3MAoe7uTi', NULL, NULL, NULL),
(59, '59', 0, 'fkW8rDIxw5', 'lFQFqpNQuW', NULL, 'YYvkHQuAmt@gmail.com', 'hiENO', 'Czg70vN1dM', NULL, '$2y$10$XJjfG7C2XSwBtUNeZvnlPuT2HiA5aaG3XhYIMnqqjjrjAN7Dy2Axu', NULL, NULL, NULL),
(60, '60', 0, 'G7virfPqis', '4ikcTJEezn', NULL, 'kEaSxT7LCd@gmail.com', 'mSPKO', 'KT4gCWf8gV', NULL, '$2y$10$ECj/MtSnK0JoN1fneQbq5.4saU5y5dUeKnOpEshT.ZCfOLZr/woEW', NULL, NULL, NULL),
(61, '61', 0, 'OqyQHwgWMS', 'Jj8490PUY1', NULL, 'aXuyaweUCC@gmail.com', 'Jw4ky', 'jXlBCVtMAG', NULL, '$2y$10$FQWwMHuAfJrBH9Pcb3v5bOrzZW77xVndT8EQgfwIusxKzHk5e8C12', NULL, NULL, NULL),
(62, '62', 0, '74uJuDOFXE', '78ElqmwcAV', NULL, 'eYNIzQNjsQ@gmail.com', 'fQMhQ', 'LE8q83vsZm', NULL, '$2y$10$NBlsEeoq.m9xHDdk.ef5c.ncJUDC7MA5hN69SvBY4iYGXqQgXhr.S', NULL, NULL, NULL),
(63, '63', 0, 'YVI2Zm0wV0', 'v4UKR2lzfn', NULL, 'jhBTPOIL5L@gmail.com', 'OOXbh', 'bkrabshS18', NULL, '$2y$10$klsGy6aC3wq8KOr6Gkpu4u8qRk7Uyj/Thl.xwHTrJ6ylRj7zEZcna', NULL, NULL, NULL),
(64, '64', 0, 'JZZpRJWLUF', 'juzWMnvXhW', NULL, '5NTMFQ2Ssk@gmail.com', 'jueJy', 'thhHzJlHkt', NULL, '$2y$10$XeoF4FkhtSiZyfg9qd2Fxu27nd/3amFq9Go7amhdCAfh.Wldt82f6', NULL, NULL, NULL),
(65, '65', 0, '91sHhOdVAg', 'cs6gbBCK4d', NULL, 'fWgNQBpqkA@gmail.com', 'DRYwx', 'jsNhn2dNeH', NULL, '$2y$10$0/0y4pE3fKjPVZTt34RF..6Izn0cOkJIGO30URKkD1pouDb32hQMW', NULL, NULL, NULL),
(66, '66', 0, '998XttiIUH', 'j0sCmKskLD', NULL, 'VJXzGT9F9F@gmail.com', 'NKzJA', 'mvFejsp5eD', NULL, '$2y$10$9iwLXw5UdfHzXS7jM5bzHeUjg.K/hgN4HwIhWGnbUx3pPCazcHXHG', NULL, NULL, NULL),
(67, '67', 0, 'ALTVCo3eG9', 'zEZ2xGD5rd', NULL, 'anRUkVeARF@gmail.com', 'pitp7', 'MbDxBYZXrN', NULL, '$2y$10$GLqFSZd6.8LCxyWr1W9N9ux8c9Lwanqg41cy09a5kRgeXHPVihuDW', NULL, NULL, NULL),
(68, '68', 0, '1BgCz92RUF', 'qsL8laWkdI', NULL, 'IrjdoesxNk@gmail.com', 'B5Lyo', 'RHltoGEkEl', NULL, '$2y$10$PqMhu1grAdIvbf08ClmKNeVz3xcIASYak3MCP/OUiQHGNM2Vg/UyS', NULL, NULL, NULL),
(69, '69', 0, 'o5hW7TLRsH', 'zkr5kCECAa', NULL, 'vpXxXbRtpp@gmail.com', '38A1a', 'EiAoznydSC', NULL, '$2y$10$PKHiQYkajJpJ3wl4/vCGIelIq5Q./BvK2rIOox/Hvc.a/p7mvZwaC', NULL, NULL, NULL),
(70, '70', 0, 'eVW49xLvsk', '88Ktyekxmd', NULL, '6Esp4IlLy7@gmail.com', '3jGCk', 'Ty95Ae6EEy', NULL, '$2y$10$E49bG3hzxeRqKGGw/hhwbOJZl43i3Da.NageKkyZNkfc0gLScHpUa', NULL, NULL, NULL),
(71, '71', 0, 'b9C8T9cH1r', '9y4NGpl3r9', NULL, 'tHBbyNWB3H@gmail.com', 'TT446', 'wgtz8b4nF3', NULL, '$2y$10$AnMUS5yb84CWwfme/GMAXu27jVE.7ZBjXArf7ojSM50CHAzQti3JO', NULL, NULL, NULL),
(72, '72', 0, '2OhENq1qrD', 'wrKEKuRF12', NULL, 'jpAESqqGif@gmail.com', 'JHKd2', 'QAoyaQMSvx', NULL, '$2y$10$aA4a8mBD2JH3S3Crgx9D.ee2RD3mc9EZxTUL.T9SiVMN/Pkrg6ewy', NULL, NULL, NULL),
(73, '73', 0, 'IzEWBWLoPM', 'DtXgPvm0jJ', NULL, 'ybMKLaUs3b@gmail.com', 'pEnP6', 'gkj3wCNM8R', NULL, '$2y$10$dPJUbU6dIjCtw9BSZ.jHLuMoZCs5D84WMO75fOEtq6iqOYmRGhEJm', NULL, NULL, NULL),
(74, '74', 0, 'AKfRQ6Hcxt', 'mokDkDk7Sz', NULL, 'mJDTuLkQRq@gmail.com', 'KdT7T', '77PJPm1MmQ', NULL, '$2y$10$UrNN9tWIcpwKiNdML09tPOgDmXxpkqvBe5qFGBjDZMMCkTzoqPvSi', NULL, NULL, NULL),
(75, '75', 0, 'EjL0vdMIsk', 'sSIEbkpUtA', NULL, '1URqkHnBUS@gmail.com', 'SMJsS', 'nLM8GIe2oG', NULL, '$2y$10$EU8k1LDI1fpR5lco0o0/O.CdLLrLE8BNGcaymQS6zF5kGAFQX/rki', NULL, NULL, NULL),
(76, '76', 0, 'i73YTThuLu', 'LwwTK1xhcj', NULL, 'TY2JeWsVLK@gmail.com', 'O6hSa', 'CWc9hLwUlj', NULL, '$2y$10$6gfu7NXH4LJDmr.bC2JHqOs5JYIKmsN26yWDbbUDEQuZexAr7jY5S', NULL, NULL, NULL),
(77, '77', 0, 'ThJ8xSn60m', 'lQN6ihnHjn', NULL, '44CfHUSNCo@gmail.com', 'x3I4i', 'KGrirNRTyU', NULL, '$2y$10$NfJ2M0EXGUgFMvdAR7UEK.qUFNSBsW1U3gZts61pnB8YYI8kVQ/hy', NULL, NULL, NULL),
(78, '78', 0, 'wZ5PCWK530', 'GSZQWuLDjJ', NULL, 'kzioI3SIJk@gmail.com', 'vZzuq', 'mPoaobVJ5q', NULL, '$2y$10$DFpQBDmBM8utMmjRyDVMZ.QsFsR/Ahe52hNiJBYMyeROazJ2HDluO', NULL, NULL, NULL),
(79, '79', 0, 'Vb9FUpzIcd', 'rvUdHKOnOi', NULL, 'Qr6Qio2IgK@gmail.com', 'G82YW', 'Ec8joR8CEm', NULL, '$2y$10$HvPPkT7XBm.kijmW9hQ7Ru2KX4EH/sGJ7L9moQMBgjipYR54TAvoS', NULL, NULL, NULL),
(80, '80', 0, '1QMw8O32Ja', 'ym0Khr6euv', NULL, '5GTt3BU4Ak@gmail.com', 'VnZ5E', 'ZodFbFv7u6', NULL, '$2y$10$dnjEDtPirDG0VdjXT6eUzukd9UVJVovwktkQIeKe8Z4mBOJLnlu0a', NULL, NULL, NULL),
(81, '81', 0, 'JissphB8CC', 'M1lc9reFMj', NULL, '8TMOoGXxBQ@gmail.com', 'ZXVql', 'NViU7axVnl', NULL, '$2y$10$71Tw8Wfvf0rASjV7IfPZR.gEeMHzi5/8I9TYsxmGP4ugjE6WtoRtK', NULL, NULL, NULL),
(82, '82', 0, 'MNIR5rSTpF', 'Ik4xbURcuF', NULL, 'DgSeayTMvO@gmail.com', 'ORXv2', 'atfJo5VuKD', NULL, '$2y$10$ZYM21kJef4WN8chW5KcJ7eCuWJXepKP.6xWlCRPW/uUJIfWR1Ma6u', NULL, NULL, NULL),
(83, '83', 0, 'JySI4IkhPx', 'c50QApINQP', NULL, 'hxEXrRoti3@gmail.com', 'jSdFF', 'x5F0yH9vlv', NULL, '$2y$10$j.S48uAgOS1tZO2aRyQf.eDNv4HJZMK79bvz4pnc7sVgnh7eiCCOS', NULL, NULL, NULL),
(84, '84', 0, '0o7v3u9FSm', 'lJ3G2ZdxUB', NULL, 'tge9CXPXKu@gmail.com', 'vnd2z', '1QLeZm42xj', NULL, '$2y$10$K2Fd4cGfqb4x7CamID6V1uP8/zEnyNa.E/BbmwxsSLZ1IixxpYSUW', NULL, NULL, NULL),
(85, '85', 0, '1o3zQL9eQe', '0Ri1JBXcoU', NULL, 'tRxO1Clz1i@gmail.com', 'GLvoe', 'xZBHL6nKKK', NULL, '$2y$10$Lv9DwB.j/5f4ej0k3q3UbeVGz.SYvx1N6ITOqOIRh2GbZvT4NwynK', NULL, NULL, NULL),
(86, '86', 0, '3zA5t5PQ01', '4vUfCEEIJB', NULL, 'co4Hdf6zp5@gmail.com', 'iBQrW', 'wz9zwRylNF', NULL, '$2y$10$szVMrlxZ/S.oZb6qDZ.O4OsOh5FGeuhqkVpcxMPovIMb2MJ5o31LW', NULL, NULL, NULL),
(87, '87', 0, 'qfHOYGNrmS', 'd1jx6FdHsM', NULL, 'BxFYVY7Yys@gmail.com', '06oSW', '2iABxdhmA2', NULL, '$2y$10$sPy6/A5UePeCUDwFxnvLdeiHmXrpsdboQfitSVQax5ALvm/wtVyUW', NULL, NULL, NULL),
(88, '88', 0, 'l7i2879XGq', 'LmAji6YbTU', NULL, 'K5IUKXFMB6@gmail.com', 'f8m9K', 'pxCQEoPYXL', NULL, '$2y$10$ShEjM5RXwm5QY.uyKUhIXuRSYyZ2v0Qtgrz9XmLH5.XryVjx1wXzC', NULL, NULL, NULL),
(89, '89', 0, 'kysQynK1la', 'z3wrXfOJao', NULL, 'mrvpt9h8Br@gmail.com', 'uxpo3', 'xtN0rf2yfX', NULL, '$2y$10$2XpakOPqzj5yV3Wo6tcAQu5C6xQj92Z5A29pZF20ZZ6hf5TQvPBiu', NULL, NULL, NULL),
(90, '90', 0, 'wp5B3bPGIW', 'N92qyQkWnY', NULL, 'KHQl2o4FFu@gmail.com', 'clPql', 'YzPFCJhLLV', NULL, '$2y$10$b9Es1qz8HNMaDN131dt5CuClTH3gbKnFso5V1qUvJ0LQjNsBCenMe', NULL, NULL, NULL),
(91, '91', 0, 'BDtsACGya0', 'PNnPg4xiIq', NULL, 'Q7dvEM8DiO@gmail.com', 'v6sCV', 'm5N58QVmNM', NULL, '$2y$10$8ye5GwNVDVtc1yuYE69zteQ4gYc1.q/Vrt8X7FeaXm/JG8/.uOy0O', NULL, NULL, NULL),
(92, '92', 0, 'C6bnPYLIrx', 'Dvb6MzGU3L', NULL, '5uL7saq3pg@gmail.com', 'TRWRu', 'khdBUE1QoU', NULL, '$2y$10$lvZMtGYJUHdhIcZMoEBkce.qP7fnIDqao8J9LHZNQu5bkR4kvspB.', NULL, NULL, NULL),
(93, '93', 0, 'EhBtU0fhKN', 'JxjvpYMzDk', NULL, 'RqmMYdf2Mf@gmail.com', '8IRIo', 'k4W13poS90', NULL, '$2y$10$ii7g4Shgi/ZhMgH0aIwizu9wz8SJ7iWv/HoN71.681OO6XXM3VrOe', NULL, NULL, NULL),
(94, '94', 0, '6ruUt572S2', 'boycZ0NS93', NULL, 'wNykpVkQSy@gmail.com', 'J5sRa', 'UX7CT0FUEq', NULL, '$2y$10$RKIL..6052uT7CTP/hY18.ytcM9htw5R17q.S1.7Y84SkgtHbVAm2', NULL, NULL, NULL),
(95, '95', 0, 'nniQUEDMAY', 'ZYnyHYIGHU', NULL, 'Vgru5efTq3@gmail.com', 'cAVC5', 'j7CUZ5nx6C', NULL, '$2y$10$RskzmDvG5hHX7GwrZirfDuSs6yoyRFQj5.KaUXg40fOElVtt5B9I2', NULL, NULL, NULL),
(96, '96', 0, 'gyHTD7mu4o', 'KxnNNdZqaq', NULL, '6KfvEy7L3T@gmail.com', 'kHN1y', 'ZTXNJ8Utbs', NULL, '$2y$10$m2T4MKmZqhIiEpiqj155s.i1xJ1WC0F0N2ED3xaRexoKH7rnME0MS', NULL, NULL, NULL),
(97, '97', 0, 'NpeIR3bwv9', 'rpfSlmLqA6', NULL, 'dA7Gf6t4YG@gmail.com', '1rTVQ', 'JUKmAAqwCP', NULL, '$2y$10$plrXdQmAUID9Ehu4MDQQPuE.DWhoVkvV6lqqQzcux/1C2ihx.4oBK', NULL, NULL, NULL),
(98, '98', 0, 'G4KHM31Dzp', '7Pm06caf8P', NULL, 'cruEvALZC5@gmail.com', 'qknlX', 'PDsnRYhTsy', NULL, '$2y$10$Ek10LW3JFxy44U28V02fQu0JcEomOUqexzALpJ7PHlNQsmhbpLHXi', NULL, NULL, NULL),
(99, '99', 0, '1i9kNP6WCQ', 'JPjHSQ8zHB', NULL, 'o7evYVm1ZW@gmail.com', 'cTNOP', 'DXRvtb450p', NULL, '$2y$10$e/MN1RxeIxE7H/c9XBkuSOSn59BUEyxNFHRgGJXacIr4H6kXkFVUq', NULL, NULL, NULL),
(100, '100', 0, '6eYly1QdAM', 'B9mXkdCM60', NULL, 'As4pRZroTt@gmail.com', 'S8aaX', 'T21Z2uTnLW', NULL, '$2y$10$JNTQm.wXODRxVoME8GawO.LSdRLp1BsNUXQc0n3gk6vLjd.kHrLR.', NULL, NULL, NULL),
(101, '101', 0, 'qlSdfBEJUN', 'U5H1aUFHNK', NULL, '5l3n6Kklsv@gmail.com', 'ePiwT', '7jhTWnK4d3', NULL, '$2y$10$joReVDBv9Im0Pmzs/cq3su/fOzSuBR9v1I3qKJnaz1cw8sxDdL1ju', NULL, NULL, NULL),
(102, '102', 0, '6lp87MeIHF', '8vQKbvhhcH', NULL, '90UGUsuUOv@gmail.com', 'B48od', '25FRNOxxxQ', NULL, '$2y$10$NN1JdxAaryz/Vm.kSRKkkOk/3t7RpiC3w0EwVs2CprHhQYfEHfree', NULL, NULL, NULL),
(103, '103', 0, 'SJAEXp1cX8', '9XrUwGojeA', NULL, 'kPwrCvkBB2@gmail.com', 'CS6Mr', 'pVSLFtJpt5', NULL, '$2y$10$GEhpjjfumJvWb6bDyntw2OE3ynAoM04Sl7cZdpmhtMlWmcnFmmhGq', NULL, NULL, NULL),
(104, '104', 0, 'mP1pgOnGPW', 'YJbJ1Xmkh8', NULL, 'DAkQdtREpf@gmail.com', 'E9AoX', 'RFs8QZCHD7', NULL, '$2y$10$A2RNKCSzvMaLP0iHWDtiVOvf047yXqQRPE9wltGHjlcbKRycEWC4C', NULL, NULL, NULL),
(105, '105', 0, '0dvYh7PupA', '50w8G3Xw2N', NULL, '2UCLjauRVv@gmail.com', 'HnUZu', 'sUuDX0sAvb', NULL, '$2y$10$kdzq4vIU6It252KtvyU7Neht3noWgT8ZxAwGMEcDIKAC.cPhuuoTa', NULL, NULL, NULL),
(106, '106', 0, 'dRasy63iwq', '2cZWIpdWsq', NULL, '2bWUXAWC2V@gmail.com', 'P6FSg', 'OdplagF6LP', NULL, '$2y$10$Lg/vOwCiShYYKNQzfQbtJushPVy9P1yeLuXFoaznxO4zpDh4DDkRe', NULL, NULL, NULL),
(107, '107', 0, 'iToveMl1kl', '8NKonjieDE', NULL, 'z48K9VVyh3@gmail.com', '0td22', 'u4EGo861Xr', NULL, '$2y$10$u5/37LALEYvkTf8NwMxv..0x.8ns7MihHrAIW/R.cm9YlBbhAPSVe', NULL, NULL, NULL),
(108, '108', 0, 'CHFec1aRUf', 'H4MPsWAzQw', NULL, '6oLor9OKEW@gmail.com', '6HEpg', 'oxv9aQnH62', NULL, '$2y$10$o6dmvEVA5tD3HJwTtckqzuvzkobgUSMwmBlmzxVaMI3saq1fR2sNy', NULL, NULL, NULL),
(109, '109', 0, 'tpyZEt9obd', 'xIEyi270h0', NULL, 'KJXfx2QW02@gmail.com', 'J8sS0', 'wqgXMtI9ym', NULL, '$2y$10$atQQVwmkvuGfw8WqSxpjbOw4msYahukLXIWGrsDvAxLftKA/lDXsS', NULL, NULL, NULL),
(110, '110', 0, 'T23asNLfIk', 'jpaqLjnHF4', NULL, 'dByOSI4DQF@gmail.com', '3ZNXi', 'i98bjEhnh3', NULL, '$2y$10$jay6bqoiJRt6czLKKIHbfOJs.MjGCWhts1dtQmz/RpTNiUfzi9tOW', NULL, NULL, NULL),
(111, '111', 0, '72ENRVb0PX', 'PqJYYN2rmC', NULL, 'pYx3z0NlNk@gmail.com', 'uyftn', 'vNEKgkZ66g', NULL, '$2y$10$z0k.xPWhmdIir1v5DZ1n9erypFfC2MPs7urW37cW0lZd7i7xogSB6', NULL, NULL, NULL),
(112, '112', 0, 'L2OpUEzJ2Z', 'H0w5E1jffO', NULL, '8daRCyEXJV@gmail.com', 'jfXj9', '7afjUSfMHd', NULL, '$2y$10$VuFwJlnPCdulkOLZr.dsV.918vYzvheO3HvGMWZo3pyTgGTt2YMBW', NULL, NULL, NULL),
(113, '113', 0, 'GZr5ViruwM', 'qvVSKq1Fou', NULL, 'ra0SPI9b3s@gmail.com', 'dONi0', 'ddM8qXY0Yr', NULL, '$2y$10$MHAcvcAomqIfPCSSeLrsM.14tnrYQodIb9Y.u4m/OJ2wVKfHbaJte', NULL, NULL, NULL),
(114, '114', 0, '3MepAl9xFM', '26DKIMb6De', NULL, 'AZAx1c8zur@gmail.com', 'UbCxS', 'tC8lLjkp9E', NULL, '$2y$10$Lj4XB6lkcFprh.PxVAMgPubEOYxKkmHOL7z/BJwI02zntx8htPyJ2', NULL, NULL, NULL),
(115, '115', 0, '5vgeHqKri2', '78wRI2pacl', NULL, 'Y6hhKbZORR@gmail.com', 'nLcTv', 'BHv7juMxjc', NULL, '$2y$10$VwZQ4bTYdwa8CP6K4Zg85.5r3/Tu6JM8uL8JS4OrXyrhO5GxJ4.cO', NULL, NULL, NULL),
(116, '116', 0, 'oN7smroTly', 'xHOCcvBHmp', NULL, 'wLFt3CId1T@gmail.com', 'rr8Be', 'ZnREvltUCA', NULL, '$2y$10$LjvM13lM/wy4r6GshOoU8eEP6jGTwDImLjVIzp1ZC6nHBbqueYEmO', NULL, NULL, NULL),
(117, '117', 0, '7EeKSYKSK5', 'Ywea49RFQL', NULL, 'ZxnfgrEJ6H@gmail.com', 'MCRKT', 'LVgzD9ZnsR', NULL, '$2y$10$fqA3cyAoAMo7pc/sg84a.ebeMR9fTqNT/rlAv8XLCK1SEEowk6vhK', NULL, NULL, NULL),
(118, '118', 0, '8MUlwDFwy7', 'TMS2pM6BJ1', NULL, 'vdP25id912@gmail.com', '4KneN', 'iU4Pdwvas2', NULL, '$2y$10$N0acqkvkEF69EhV/tPC4veYc0Io14GehSvlB9wlKn42G69b1hRN/G', NULL, NULL, NULL),
(119, '119', 0, 'fVBcvtzhPN', '9Xa1z5bLHu', NULL, 'TjNBIDgcUY@gmail.com', 'eliBv', 'KpZGIZCyKb', NULL, '$2y$10$Jem8q81akbu/tlPLi/P71Ob12RXpOuoTOANCoTjoPPUShYjJeAhRu', NULL, NULL, NULL),
(120, '120', 0, 'CIQ8DWC676', 'B8AIFvucdh', NULL, '3GGdWHNDXa@gmail.com', 'RdL1f', 'tjwX8Mn6mM', NULL, '$2y$10$KXk1jhoQCS18xjeMYAaXDeMmm3uCC6gVkpHqv5xj12buhCqQkgxzS', NULL, NULL, NULL),
(121, '121', 0, '7Hmf9FbvBZ', 'h1mKYemKsz', NULL, 'mRMVdbS6tW@gmail.com', 'LpBNg', 'kYReS6nTmL', NULL, '$2y$10$uh2LDIC0NIAgWnbtbV9rMOd0M/PnrvFoope7718ufgauD7WiHM0S2', NULL, NULL, NULL),
(122, '122', 0, 'gBMniJxeQ9', 'S9yAC0q23f', NULL, 'aJyWJs6dJ1@gmail.com', 'LQdsv', 'DuodK7ti2t', NULL, '$2y$10$obJWJAHgsoZcIgTMsqSLE.MVN4UePsMvhqEMV1KGzvd9yOxcgi6au', NULL, NULL, NULL),
(123, '123', 0, 'xLwjtTZFOO', 'CpMKL6x3Oc', NULL, 'LzXFpfDjgs@gmail.com', 'QbpcY', 'P7wizR5PZq', NULL, '$2y$10$586vHnf1pSLyaR0AOh7TNe8QQcJyxpFdFWMIQXtok3Pqqa7CaQ.Si', NULL, NULL, NULL),
(124, '124', 0, 'Im80tTm9iF', 'dTUJ5PPgFg', NULL, '4CVYbm3X8z@gmail.com', 'k4yan', 'YxkcLKyc3i', NULL, '$2y$10$XOr2MMUG9RfNoHbQQurGJe1OSCk5473DwRzJln9IjXTvgut.Tgkdi', NULL, NULL, NULL),
(125, '125', 0, 'ErfySBpmZD', 'XVaiCzlv7S', NULL, '7ymTteiaYk@gmail.com', 'kD4kZ', 'k1ySsGgSt4', NULL, '$2y$10$RCFOJ/BhU0sXYSM365sdGu8cLYvFdF2TrCg9ONwpjzPUxEqQFjjty', NULL, NULL, NULL),
(126, '126', 0, 'ef8FA1TYC4', '4iDfkdgPNf', NULL, '2H9GbISBe6@gmail.com', 'bX0sC', 'nJdIsCqUkU', NULL, '$2y$10$WG6WMo42hgYohZ8ap/iy7.nBBzB.IynADOW9g7W9u3njscZMUKQS2', NULL, NULL, NULL),
(127, '127', 0, 'RfMrGbolxW', 'a62YOdITXz', NULL, '4NayXclq3z@gmail.com', '5hyXG', 'IzKkCetlo0', NULL, '$2y$10$pedEgYpBlOhmYCan3GuX7.n.O23//n29r45Ki2sWYll5qhIpB.laS', NULL, NULL, NULL),
(128, '128', 0, '9XYgIzZlF7', 'mQlsSLw6Yw', NULL, 'Q2S5bxc8Je@gmail.com', 'p1SiW', 'ekNMVQbB1d', NULL, '$2y$10$phu401xirqGh8pzoNU3FVOuWavxAZSgn9Wlwf0r/1/ZJbUgntpi9O', NULL, NULL, NULL),
(129, '129', 0, 'o7EFo5wH9w', 'l71Tc87507', NULL, 'hORJa3aT8G@gmail.com', 'ZcY2f', 'JfzMoi85O2', NULL, '$2y$10$7qf0s7HcYl9.Pnny5WqaNeUHS29aUWDkua38ZRTChGZQvqBa8IRO6', NULL, NULL, NULL),
(130, '130', 0, 'oHnfGFuXSY', 'my5hYTZeLQ', NULL, 'ZIKtNxsrjT@gmail.com', 'TcAyk', 'DNaPcVfQFG', NULL, '$2y$10$vAP1JSe5B3X7PdWyldFt3OQHreY0.JhFWiWW/BUxD.edsIFzLBNCO', NULL, NULL, NULL),
(131, '131', 0, 'AP8Gc8XdSg', 'B0FxPtQ8zf', NULL, 'quzDfKnArs@gmail.com', 'BB64C', 'spflTAVcLY', NULL, '$2y$10$uT7ItyGdAG80pdhX.DSa/.5JZQcr1YwEWYumqnWwChQOq6BpbTW26', NULL, NULL, NULL),
(132, '132', 0, '7oJ1ryI9QS', 'sWcUpozqlH', NULL, 'hx82sZfdKh@gmail.com', '5uhvo', 'XQIYU7luce', NULL, '$2y$10$gvKpkIZJBb0zs.Fw7VbCFOtmsItnlpNOQIIwvb8QEV6X5ZPzRGkTq', NULL, NULL, NULL),
(133, '133', 0, 'duCjjnU8Dc', 'xsvrFda0TM', NULL, 'NJ9JQoWKvX@gmail.com', 'Dj4pu', 'wy5BAfEew0', NULL, '$2y$10$ZLq9YLja2XAbtCa7EHC1Uu6OvsuM7BX9KUFiOPtOEsx7BOiVQSEWK', NULL, NULL, NULL),
(134, '134', 0, 'aGuzBpPzFQ', 'CLplKRYsLW', NULL, 'iPFqJUv0Dj@gmail.com', 'KcQav', 'hpmayXNXKO', NULL, '$2y$10$CT1lGmU6SsqnOpOIZeHdK.J/pdX0ykF0UvmjpjpbkTyweYUkclJ5.', NULL, NULL, NULL),
(135, '135', 0, 'NWUqAEbmjP', '5EVrIAjHkO', NULL, 'cfntbMLIsz@gmail.com', 'RTEHX', '2sJGEOOA1K', NULL, '$2y$10$ved5/Xrv2DdBYdo1OQ6RjuJGPiDImu/Q/QwoAhiDQegrBvSu3kYcy', NULL, NULL, NULL),
(136, '136', 0, 'SR7uXIJH0V', 'Rmt60H7ssj', NULL, 'Nh7WfQczuZ@gmail.com', 'b7Tld', 'bc2ORVLOo8', NULL, '$2y$10$eBL9eFAYxEgSRveqNfp7XeEtMiUepbmr0cKGZsZnMOweU5dkntPQ2', NULL, NULL, NULL),
(137, '137', 0, 'zl0n89s6Uv', 'An7iHYoHRc', NULL, 'jLyeIWMN3a@gmail.com', 'gyO85', 'Is3pQXngN8', NULL, '$2y$10$0jKLIy6hhXaVaBoF4R0bb.m.xF9qdk7WvphIO0qJbuEh966hbm1w2', NULL, NULL, NULL),
(138, '138', 0, 'toSxh5aIOp', 'PrirXTrkHh', NULL, 'LvQrxn1rFP@gmail.com', 'UDaH9', 'h8eYK35gox', NULL, '$2y$10$8Hpp/jAECUE4ehjihsHXQOtYtW7W9SgH/V6eVH8slY6SAv30lhe1q', NULL, NULL, NULL),
(139, '139', 0, 'z4ambtI8yl', 'sbtkgbuTm2', NULL, 'OCoFuTK46C@gmail.com', 'ouwYP', 'RErEOQQQfI', NULL, '$2y$10$0Vbwz6U1Jy5iwqe8X33q1evkYuxV/dpAZeMc21gsfoieSYn43uXp6', NULL, NULL, NULL),
(140, '140', 0, 'EqMFUfE8Uw', 'a0v7TnpZtL', NULL, 'gLWZbgnBZT@gmail.com', 'gXo5M', 'zdmwPCEUri', NULL, '$2y$10$Yw2ebdfMonun1KpLlzNqM.YambkZO0KxFlD06aOfLsVNmIdq3SYL6', NULL, NULL, NULL),
(141, '141', 0, 'roHBfml8Zy', 'bdNAZUE2kI', NULL, 'iHws3vM9dc@gmail.com', 'XvSxb', 'cE2nnR5Q5N', NULL, '$2y$10$2rW4tz36IGi7S2zR76OXZua4Aqexgxgseybin/VXHXvlKZsHqrCs2', NULL, NULL, NULL),
(142, '142', 0, 'LKsBcU8nsA', '2Gf1LTEfER', NULL, 'ZECrLk1Rkk@gmail.com', 'QHufB', 'NpGUk2UfCU', NULL, '$2y$10$2hMfbLSMgoKlNrAzVupBPOPXs3leZWbAAHvQijvnQareVB.O9pDKy', NULL, NULL, NULL),
(143, '143', 0, '9zFCkpqZk9', 'Xpbhq7nocH', NULL, 'aFZrijNrAI@gmail.com', '32IYU', 'eBuzgWuVqd', NULL, '$2y$10$UqDKj2wzkGKnV8J5oR2qVeVPMui/.7BnaQ7b1n1qCwEAr1/rQ9zdO', NULL, NULL, NULL),
(144, '144', 0, 'LteBwfATwW', 'iut9fUQP08', NULL, '9xUmz04s65@gmail.com', '3Ttx6', 'bEQBNtKkPm', NULL, '$2y$10$j0KG35wAOlmx1qlK0Yna2OE.ALq1Quv2fajXkyuEg0onfMM2rIhqq', NULL, NULL, NULL),
(145, '145', 0, 'UOVGYs74lA', 'mH0oVGag59', NULL, 'feDpFyfOQA@gmail.com', 'GfoDC', 'dj5cYVl5u8', NULL, '$2y$10$Axr60aB3qz/BQcZhJyKhdeGRlmYL6mWpchBhX3Y7twtqwRxRlL/DC', NULL, NULL, NULL),
(146, '146', 0, 'i4gT3a6uOs', 'jk4eUKdlMf', NULL, 'mDVhStO3OA@gmail.com', 'b68Si', 'NBUq481S0q', NULL, '$2y$10$R1ragEMwyUn9/fGCzGvpRuF5VNhqFq4wh0o51Pzn5.bIqPezPoXnq', NULL, NULL, NULL),
(147, '147', 0, 'naOk7O0Stz', 'QxbK2lFNWp', NULL, 'ps6tGkyRz5@gmail.com', 'eXmHr', '0KBXCbenPO', NULL, '$2y$10$0hkJJ2sAGr3FwUMO8Z9y8OTNathDI0j2PfTn7822e8Q5lhkL3UlRy', NULL, NULL, NULL),
(148, '148', 0, 'MWKgQOIDUD', 'bmX6Vz9nVQ', NULL, 'M8qRfN7qnA@gmail.com', '3sjgj', 'hKzjLoDhTY', NULL, '$2y$10$9b1EZpCARk6S56wfagRHbOJPpQ1P5jvI61VNr2L.7spgEWIwSd8i6', NULL, NULL, NULL),
(149, '149', 0, 'NQJ0TBapMh', 'lQelCR331o', NULL, 'so2xyNvkqa@gmail.com', 'fe61M', 'uzTd1yl5vD', NULL, '$2y$10$jbBRhmc6yBFcsPLQG.zqz.E8DpgVOgu1QmgoXvQzyWRtFIQy4ubeO', NULL, NULL, NULL),
(150, '150', 0, 'jYw0ci2eUp', '3witBO1pNz', NULL, 'SOtYY7Q4KZ@gmail.com', 'PtF2C', 'LIo9ufPKVJ', NULL, '$2y$10$aPrjdA2k2jC/yHPDtIYWoe9BjkGbB9s8VhSDmQOZK1OggL93EY3iW', NULL, NULL, NULL),
(151, '151', 0, 'uM7pzmyjxC', 'QYvgiTo52M', NULL, '5BAYVPNMpS@gmail.com', '83q2y', 'oRubpG1Ns8', NULL, '$2y$10$/TzFUBiFAGH5/z46fm1NsOXGOztoKd6Ej7Yt/hCfi2epoThOcDq6m', NULL, NULL, NULL),
(152, '152', 0, 'lgJfsXnJr6', 'SIF1PTrygz', NULL, 'KWCUurwDU0@gmail.com', 'Bc8lA', 'HpEB4IOVsh', NULL, '$2y$10$QcOXOR4kxLnjpRLvhuE2j.obdxKQbss/VUu3plNH5quy3eSrde7jy', NULL, NULL, NULL),
(153, '153', 0, '154z40V3PF', 'zXbCaVb9mf', NULL, 'k9lADyBlXv@gmail.com', 'unscb', 'hn6kdA2rTJ', NULL, '$2y$10$aF35K2vnoYJPmMp/7aL0MOuyHMAaKnshjXFH0JkUa.4v4HyNwXY/i', NULL, NULL, NULL),
(154, '154', 0, 'sJlNgugU8Y', 'ASk1uv6XYa', NULL, 'CC5bciH9oy@gmail.com', 'Veptd', 'PbERz4bqHB', NULL, '$2y$10$D4KoDcGEsParKSKQ85TQf.3QnY423D/fAzsnqdOflqrur2kn.ypFS', NULL, NULL, NULL),
(155, '155', 0, 'dksIkjlr3y', 'Gqkxd96Rl3', NULL, 'UpoG9OHUKC@gmail.com', 'Yxi2p', 'SLZ1L4dgMQ', NULL, '$2y$10$U9LbKyl4fLTZXzCl2Mg.4eZqSJymLjaaH7J2YpKqV0iioZJoBOycq', NULL, NULL, NULL),
(156, '156', 0, 'GS2e08YTAB', 'naZCoGiNFo', NULL, 'XmqOt2lS32@gmail.com', '9A1hb', 'GL8Z5uAd2v', NULL, '$2y$10$DVvAPfhIJcrYWP.rTxJVgeZxQ0.Zr6Ez27OsBLT4QcMci9ql0.g26', NULL, NULL, NULL),
(157, '157', 0, 'Tz1aXG408X', 'SAEFYcgKFo', NULL, 'TTJqaGM5Os@gmail.com', 'bpP2v', '5hkm1cMXha', NULL, '$2y$10$uR6YwIQfzedVVHj5RKrgEOq5kdZ.qWsfuWBsQcEo/sOVIgHv72S76', NULL, NULL, NULL),
(158, '158', 0, 'Ahmw7TsDhu', 'DcuBnEx51M', NULL, 'FuhGtwXIoj@gmail.com', '6b1vl', 'Xf5c08EZtN', NULL, '$2y$10$Fp5XtTYW.CaR6jTrl7YcreW5AEpM0TxEgbS5ZddJc8GduuuRjNwty', NULL, NULL, NULL),
(159, '159', 0, 'yzDM2o384t', 'DorY86VwU6', NULL, 'c3snXQZhE9@gmail.com', 'Y5UTw', 'neyvw8pIc5', NULL, '$2y$10$YIqvhSxdy24xWuUR1NiVguMwLyXop23jPS.yAcegxSpDlnaQK1t6u', NULL, NULL, NULL),
(160, '160', 0, 'MkYgwI2AXA', 'BxxPNZ80eM', NULL, 'MhZdcZ8umc@gmail.com', 'RXdzc', 'TdxEGD01ru', NULL, '$2y$10$urU8ZxyTGqS7MpGhmuOWT.1B4ADu1XReM7gG6ZiAj/zENzy8Bf752', NULL, NULL, NULL),
(161, '161', 0, 'aAkCU6Zd3Y', 'ktT5tV7wiL', NULL, 'sCISQTfOEb@gmail.com', 'RbDis', 'wxCl7Jkjwc', NULL, '$2y$10$ukjgsBKA6vzRlhJxZG96v.qXHuipA.2wjBWaqeFFU4CvseY7C7ryi', NULL, NULL, NULL),
(162, '162', 0, 'TpnJprGIrY', 'H8CT6i0Kda', NULL, 'arknDhduWi@gmail.com', 'DS8Q6', 'phtQJvAk1R', NULL, '$2y$10$ceWN3o3QsaWCalJ5xqRO8OdlEy3mx7eeQrZ2raHio4p52yEdLz7p2', NULL, NULL, NULL),
(163, '163', 0, '641k66sHyQ', 'cpZl7UkXny', NULL, 'iy7VlCIzI1@gmail.com', 'IuRbz', 'oxV0gokVzr', NULL, '$2y$10$qP2cq.jfOg4bWrlS9CiAN.NlJbAO9eZUkdmX/y7griZ5DyifXQVSO', NULL, NULL, NULL),
(164, '164', 0, 'BWqBrjbhPy', 'oVg0x7g2El', NULL, 'KZw7eW8XCF@gmail.com', 'itxDh', 'salHExq84M', NULL, '$2y$10$luFXTkDK/tYnNph77W2SQO400lbQwZlu1pdoEEA6fAX0Gnrp57RjC', NULL, NULL, NULL),
(165, '165', 0, 'HjFe111m4e', 'EEn8H2c01G', NULL, 'BRxJpWxqVN@gmail.com', 'CcFNm', 'jcTfKoWt84', NULL, '$2y$10$ZKe3HEbwVjfsgW9WRVRSrOc3gjfqFV5UcTyp/3DdL0Cq9mRTPHHhW', NULL, NULL, NULL),
(166, '166', 0, '6ZTIvlHZt2', '8QyajFCeoz', NULL, 'GwRRzF5y4q@gmail.com', 'AVVM2', 'TRWfv2fd2a', NULL, '$2y$10$jc00L7g1udEgOE4k/w6RqOjnKTwb5fTqWlyhoNOqEJ7AqMe7cQAqy', NULL, NULL, NULL),
(167, '167', 0, '1V1wDZlkNU', '1FyDDV1OSr', NULL, 'hljxLLrZWE@gmail.com', 'wskiQ', 'xH7XrbRjxK', NULL, '$2y$10$bm/9w8JiarDFG.vutiXyCeSmYmGIUq21toyyixAJIcKPmHU6El5ym', NULL, NULL, NULL),
(168, '168', 0, '8yTZgymeAU', 'W1La67144H', NULL, 'IFopQSr2Nq@gmail.com', 'mKdXD', 'FCIovzyZLa', NULL, '$2y$10$WZntxUw40Np1YaWKMHrJoOh2Q/U5Dn9iEcD0D0XG8vJJi4siIYwxq', NULL, NULL, NULL),
(169, '169', 0, 'Eif0SM1zBw', 'y9OqwpoDyQ', NULL, '8wSK8O8Huo@gmail.com', 'twBSX', 'h5owotcAGH', NULL, '$2y$10$F28i1mKRoLTw81EONyHppeTOvEn1fkMfXFjUl0CMHgEhiuDfcvoJG', NULL, NULL, NULL),
(170, '170', 0, 'hB2GuaustK', '4OPomiwx4g', NULL, 'NyKMSEahB2@gmail.com', 'VAFx0', 'HCcyX6Mtms', NULL, '$2y$10$zThalK..Wqx4SxuoxFZr3uy/YdHMmXgTmlwVb978AW4ym8BWvcCMe', NULL, NULL, NULL),
(171, '171', 0, 'LrFhgyvqAB', 'V4Ji5MMlgl', NULL, '2jkMz4xLSb@gmail.com', '3jREa', 'RuFL9ffSFM', NULL, '$2y$10$dGiMlq7.lz36qH.IeYbD6e7N23HMGXB652N948c0QAdmKGFSgeApu', NULL, NULL, NULL),
(172, '172', 0, 'l9TtFtJl3l', 'TblhH8t7pG', NULL, '8GOhrdIzdE@gmail.com', 'sYon5', 'fg737sM0qf', NULL, '$2y$10$MKEhmUFycdYRAoZQddP3n.U2OIekst61sBDrykLla2z5NLZMI4RTO', NULL, NULL, NULL),
(173, '173', 0, 'yuQoRJxEQ1', 'G5JwTxwZqZ', NULL, 'IJX5ZywlYE@gmail.com', 'J3vQN', 'pS4Hy9LKrU', NULL, '$2y$10$wpsw2Zc5xlQjFIAAFIJaYOTQeCbKKfo4ifxi0cIsG5Rv08InQ2Ra2', NULL, NULL, NULL),
(174, '174', 0, 'rZBnjmzjzx', '9pQcd1d7yd', NULL, '1RHitAhRtA@gmail.com', 'GlBX1', 'jt0Zzpsu5B', NULL, '$2y$10$rxqYNENzbJzLcNF3jZ1p1OVkqWjEbwFC8NglrjtrdvYV1ej9Dk8MS', NULL, NULL, NULL),
(175, '175', 0, 'jtkFIPOyRo', 'zt3DousiJV', NULL, 'iQovvjUAhN@gmail.com', 'gDJDx', 'T2Hhak97Xt', NULL, '$2y$10$XAvOKmq31vdljIsTzG3Y4.Z74B6Jp0e51c7oSZqAqCbI6oas/wxeu', NULL, NULL, NULL),
(176, '176', 0, '61QDI655Uf', 'VgZqtFIuYj', NULL, 'owCTKoMZN4@gmail.com', '74OPF', 'PrVEdyLxvJ', NULL, '$2y$10$Xt.lVbXhXtHCv40GSieGzeKHB7A65JD8SVC3ZvlWt/EeZXFojHAJ6', NULL, NULL, NULL),
(177, '177', 0, 'gNehtqNMRE', '12tJSoyqU1', NULL, '1M3v2zxHy3@gmail.com', 'th1Ta', 'qpSZQ7bexF', NULL, '$2y$10$.s3hpUIORPT0pch5rFLrR.SqebkE8CIL0tdodJa3oz8QG4kCawYlu', NULL, NULL, NULL),
(178, '178', 0, 'FRyTibS9K7', '7nUJ5bsVco', NULL, 'kY5Y3TJQ2U@gmail.com', 'vBRkf', '0oMwpbfrJ6', NULL, '$2y$10$sXBLcv8DNamllY/oE/DxZOk.osGnbQhcZcIKgnfwkMETiEBzl4OgO', NULL, NULL, NULL),
(179, '179', 0, '2cZxmAIzCP', 'WQ64bAeUx2', NULL, 'yg5VAW1ro2@gmail.com', 'Wt8Te', 'hF6aHUtHKT', NULL, '$2y$10$mQlOo6a9fIe2f8L7VeU43ewK56ol/KCsNGFpnE.DXYFtnBYwrMVBO', NULL, NULL, NULL),
(180, '180', 0, '5hzA46PvfV', 'IZa4uJ8Fbj', NULL, 'pNfDNmRoBR@gmail.com', 'WN2ux', 'eRtJeI3aKd', NULL, '$2y$10$1C1qyTKdTQs3CNiq28BUi.pMaJp5dElBzuixXwgt1cosRKuiU4zFK', NULL, NULL, NULL),
(181, '181', 0, '0b89vBTle0', 'y0HQPj2TpY', NULL, 'Vjso2KlrTG@gmail.com', 'vC2Aw', 'ehLx4fyEC0', NULL, '$2y$10$9Jc4D.xBUrkJsrqFm1F7luGuUqdCEN1IJYpfLLn/jkpmjJGE/UmZa', NULL, NULL, NULL),
(182, '182', 0, 'ZD1KllQW23', 'gsOaUhNkgD', NULL, '7CuCngoytI@gmail.com', 'sFIfW', 'P5SahNlUTh', NULL, '$2y$10$I0GMrJnUms9pyNZdiHRRUOsUbSzjRKR9FAmjOb7hDNPnXTW.6HQUi', NULL, NULL, NULL),
(183, '183', 0, '2wz4uvKxVZ', 'fyGSVHEYAK', NULL, 'FByCyISPbL@gmail.com', '89pBV', 'MZdCGp8Frk', NULL, '$2y$10$oPv2FhmZBCTJRxAd95SGueQPm3tVWdtVe0IRxc73LRle7ljWJgMPa', NULL, NULL, NULL),
(184, '184', 0, 'RfSVRMRQL0', 'ccjrVHJhCM', NULL, 'jtJJqbHTDi@gmail.com', 'f0QSz', 'vBsrJQBGdf', NULL, '$2y$10$/AmRfNfuHnMpTVlRm.NZhuVkVhw2C50B1yGXdOoC3wzE5xWc/X8ly', NULL, NULL, NULL),
(185, '185', 0, 'xeD6AZOTX8', 'lQAFG8Xl6c', NULL, '4Ojoq1iplG@gmail.com', 'FwK42', 'Et94pipK0I', NULL, '$2y$10$GtyDNiMME4V1bMkRhgYSfezP8YS4f/ZAyC95B8z/W.lvAuARkOcqG', NULL, NULL, NULL),
(186, '186', 0, 'okqtpeGGQN', 'Fr6cDrTLjI', NULL, 'ziKfuCqqX6@gmail.com', 'QtS6N', '6ASJYFlOIX', NULL, '$2y$10$.V1nMU31.72Lncoyb53qUu2wUVi8AlkdOSNPu2tKmWmkyIhUrypOe', NULL, NULL, NULL),
(187, '187', 0, 'ww3kga60Yo', 'ZdlDoS2V0n', NULL, '9dfzn6jXbN@gmail.com', 'OZBfb', 'pZgcUbgTbY', NULL, '$2y$10$GnvZ50bfYiprW.GbdP4mj.VPZ0d2D2AdNC.3gT379J73H7P.PGoqW', NULL, NULL, NULL),
(188, '188', 0, '4uYsv7bl2k', '8DDSsxKtW5', NULL, '46xC1D5phk@gmail.com', 'gNUCs', 'ISceDuklG8', NULL, '$2y$10$OrhzKYbeZbydrW4x12wNZuHgj9g4E7rlxQZePQk4Z8fGC9cx.Eyl6', NULL, NULL, NULL),
(189, '189', 0, 'NyC4MjCi2g', 'ZZqOhztFWy', NULL, 'VFyY4ff1zy@gmail.com', 'pSUsY', 'prsDbRVcKR', NULL, '$2y$10$PJPjv0cchaLxRQzaX8IuQeBlsa3xJ5vE5HPbhvf5CasHmc4WLEyuO', NULL, NULL, NULL),
(190, '190', 0, '3IU3jfGG02', '9A1ClRO2Bj', NULL, 'T7HRKqlSga@gmail.com', 'rrCOk', 'FJBPT5sBg3', NULL, '$2y$10$aXULgXTFRjyccfiMr3UxmOXmkxik1YW8XbVE2onwvhXb.Wsc4LACe', NULL, NULL, NULL),
(191, '191', 0, 'Mr1MrNtNdv', 'U2PVCZQEKd', NULL, 'dyHfWBnEbo@gmail.com', '4W0dd', 'TLGHIMl5w8', NULL, '$2y$10$67iocyDf.xa1B1wIZFLfL.7CnDJaCfKFnm7OvuinjrsZKXgsQhEIa', NULL, NULL, NULL),
(192, '192', 0, 'Ssx2Rt1g7l', 'ljvTbfrOs3', NULL, 'gv5iS7SKIJ@gmail.com', 'OhtYX', 'klZzEo3FCC', NULL, '$2y$10$rH.xUNQi.w0eG4ifljWyOugrVV89cV1Rr3WszF0eFIf39k4h9c4dy', NULL, NULL, NULL),
(193, '193', 0, 'vK7HIF9RM5', 'IUA1JPHCBb', NULL, 'fsrSAkEf83@gmail.com', 'W10oe', 'vNzwX3MR93', NULL, '$2y$10$mYJS0TNwf1cAITY2PR00POcsoZsQQT9iJCEGMWvpzdt.oPttHDxR2', NULL, NULL, NULL),
(194, '194', 0, 'rRc9aqyvs8', 'gpHADMLjdz', NULL, 'MnUT5tm6vl@gmail.com', 'Wpn7O', 'Ctj8r6Yn7A', NULL, '$2y$10$5vA6bUfFz8BxIPZkImZXiuZhHe1YnAbcLdha3IT8c1rpcWNvcX9xW', NULL, NULL, NULL),
(195, '195', 0, 'VhbESeZU0M', 'NSFnfxyfnh', NULL, '49qkw0fam6@gmail.com', '9nzS7', 'noIpVA1YyP', NULL, '$2y$10$CDjFUWR7XrFJqn08X3kejegxP0W0YyYITKGak/g/aVMchyLdwb7pC', NULL, NULL, NULL),
(196, '196', 0, 'KwfQxhAV3N', 'mjFBA6SVGk', NULL, 'pVAv5cMFO9@gmail.com', 'TUKhE', 'scRshqfY4S', NULL, '$2y$10$MppB0AENNPB2wnR7gP4kHeO0KPWFbDL4K1lyYShCOjN2IU1F6F44O', NULL, NULL, NULL),
(197, '197', 0, 'YdrpSHztqu', 'ezuBeB6G2Z', NULL, 'DtUMgLE8ZR@gmail.com', 'bzkyY', 'W8pSc2j7pD', NULL, '$2y$10$vS2gGHn91iw3WbsOw6rcveT5wOJlKGJ6lIF4XKrhLxvVI6mDDAy56', NULL, NULL, NULL),
(198, '198', 0, 'ILkDvYSdJa', 'hh1EGKopEd', NULL, 'LQoPgljmLO@gmail.com', 'ZxxrC', 'JdpUoVfxg2', NULL, '$2y$10$qA/Km/32nuE5xAmNPSEEgOaRrEXn.iyMQgVGKWSbaF1XIatRfVBrG', NULL, NULL, NULL),
(199, '199', 0, 'YJYx3RMJh2', 'RXrWCHdhEP', NULL, 'm1n52cPK58@gmail.com', 'JJhDR', 'OhJ8V7aCCl', NULL, '$2y$10$x0bc3pNMdWt.rsjfExSQgeS8GFylZnLCvXGalTD7Xhu9vkJWJcw3m', NULL, NULL, NULL),
(200, '200', 0, 'VGAFYrnAT6', 'uqANmf0TQn', NULL, 'dBOlLmKWyA@gmail.com', 'xXkzW', 'dM1mPxKvoA', NULL, '$2y$10$EHjiMEJsxLkSm/3xqGWaKOt7hLvZGzKWO6GolQKu2O.hc5r2YFFFS', NULL, NULL, NULL),
(201, 'مزدک کاظم زاده', 1, '09123795360', NULL, NULL, 'm.kazemzadeh@bina-tadbir.com', 'تهران', NULL, NULL, '$2y$10$x.bbMWlLKVWDpjjWJigD9.eIQgYdK9m6QGT5GBa7iqDga6V.L7eRa', NULL, NULL, NULL);

--
-- Indexes for dumped tables
--

--
-- Indexes for table `agents`
--
ALTER TABLE `agents`
  ADD PRIMARY KEY (`id`);

--
-- Indexes for table `clientsheets`
--
ALTER TABLE `clientsheets`
  ADD PRIMARY KEY (`id`);

--
-- Indexes for table `migrations`
--
ALTER TABLE `migrations`
  ADD PRIMARY KEY (`id`);

--
-- Indexes for table `notifications`
--
ALTER TABLE `notifications`
  ADD PRIMARY KEY (`id`),
  ADD KEY `notifications_notifiable_type_notifiable_id_index` (`notifiable_type`,`notifiable_id`);

--
-- Indexes for table `replies`
--
ALTER TABLE `replies`
  ADD PRIMARY KEY (`id`);

--
-- Indexes for table `reports`
--
ALTER TABLE `reports`
  ADD PRIMARY KEY (`id`);

--
-- Indexes for table `tickets`
--
ALTER TABLE `tickets`
  ADD PRIMARY KEY (`id`);

--
-- Indexes for table `users`
--
ALTER TABLE `users`
  ADD PRIMARY KEY (`id`),
  ADD UNIQUE KEY `users_email_unique` (`email`);

--
-- AUTO_INCREMENT for dumped tables
--

--
-- AUTO_INCREMENT for table `agents`
--
ALTER TABLE `agents`
  MODIFY `id` bigint UNSIGNED NOT NULL AUTO_INCREMENT, AUTO_INCREMENT=4;

--
-- AUTO_INCREMENT for table `clientsheets`
--
ALTER TABLE `clientsheets`
  MODIFY `id` bigint UNSIGNED NOT NULL AUTO_INCREMENT, AUTO_INCREMENT=308;

--
-- AUTO_INCREMENT for table `migrations`
--
ALTER TABLE `migrations`
  MODIFY `id` int UNSIGNED NOT NULL AUTO_INCREMENT, AUTO_INCREMENT=9;

--
-- AUTO_INCREMENT for table `replies`
--
ALTER TABLE `replies`
  MODIFY `id` bigint UNSIGNED NOT NULL AUTO_INCREMENT, AUTO_INCREMENT=21;

--
-- AUTO_INCREMENT for table `reports`
--
ALTER TABLE `reports`
  MODIFY `id` bigint UNSIGNED NOT NULL AUTO_INCREMENT, AUTO_INCREMENT=46;

--
-- AUTO_INCREMENT for table `tickets`
--
ALTER TABLE `tickets`
  MODIFY `id` bigint UNSIGNED NOT NULL AUTO_INCREMENT, AUTO_INCREMENT=21;

--
-- AUTO_INCREMENT for table `users`
--
ALTER TABLE `users`
  MODIFY `id` bigint UNSIGNED NOT NULL AUTO_INCREMENT, AUTO_INCREMENT=204;
COMMIT;

/*!40101 SET CHARACTER_SET_CLIENT=@OLD_CHARACTER_SET_CLIENT */;
/*!40101 SET CHARACTER_SET_RESULTS=@OLD_CHARACTER_SET_RESULTS */;
/*!40101 SET COLLATION_CONNECTION=@OLD_COLLATION_CONNECTION */;
